group,layer,head,enrichment_uid,enrichment_date
overall,0,0,0.9202741980552673,0.9966967105865479
overall,0,1,1.1671003103256226,0.9993441700935364
overall,0,2,0.8946830630302429,1.0380198955535889
overall,0,3,1.0789821147918701,1.010316014289856
overall,0,4,1.302839756011963,1.0922354459762573
overall,0,5,0.5200563669204712,0.9088398814201355
overall,0,6,0.527539849281311,0.9753187894821167
overall,0,7,0.9047260284423828,0.9311735033988953
overall,0,8,0.839972198009491,0.9989104866981506
overall,0,9,0.650505006313324,1.0445841550827026
overall,0,10,1.0719233751296997,1.0857517719268799
overall,0,11,1.0897266864776611,1.021461009979248
overall,1,0,0.3555201590061188,0.8462473750114441
overall,1,1,0.508450984954834,0.6864278316497803
overall,1,2,0.8059046268463135,1.0035687685012817
overall,1,3,0.19735154509544373,0.4511925280094147
overall,1,4,0.32010510563850403,0.6317166090011597
overall,1,5,0.5387271642684937,0.3424864411354065
overall,1,6,0.35301482677459717,0.48470571637153625
overall,1,7,0.9124564528465271,0.6064056158065796
overall,1,8,0.8420065641403198,0.384008526802063
overall,1,9,0.1524004489183426,0.14293934404850006
overall,1,10,0.1608418971300125,0.390083909034729
overall,1,11,0.46417778730392456,0.6518084406852722
overall,2,0,0.13361647725105286,0.339188814163208
overall,2,1,0.7577975392341614,0.663102924823761
overall,2,2,0.15122665464878082,0.15813666582107544
overall,2,3,0.421791136264801,0.5797874331474304
overall,2,4,0.6876800656318665,0.4771513342857361
overall,2,5,0.5498237609863281,0.4585398733615875
overall,2,6,0.3061990439891815,0.5994986295700073
overall,2,7,0.4237152934074402,0.478817880153656
overall,2,8,0.7171542048454285,0.6802183985710144
overall,2,9,0.659959614276886,0.6323320865631104
overall,2,10,0.609273374080658,0.4629136621952057
overall,2,11,0.22860033810138702,0.2641531527042389
overall,3,0,0.3934684693813324,0.4324966073036194
overall,3,1,0.34078434109687805,0.3884919285774231
overall,3,2,0.8310062885284424,0.4604111909866333
overall,3,3,0.7653701901435852,0.5551462769508362
overall,3,4,0.297419011592865,0.407476544380188
overall,3,5,0.31240594387054443,0.664954423904419
overall,3,6,0.6247683167457581,0.6520557999610901
overall,3,7,0.504455029964447,0.3916444182395935
overall,3,8,0.4084312319755554,0.6097381711006165
overall,3,9,0.38736918568611145,0.8211452960968018
overall,3,10,0.13827741146087646,0.37645283341407776
overall,3,11,0.5936089754104614,0.9152132868766785
overall,4,0,1.0257759094238281,0.6401971578598022
overall,4,1,1.663130760192871,0.9342751502990723
overall,4,2,0.5273441672325134,0.6522249579429626
overall,4,3,0.36598876118659973,0.6713559627532959
overall,4,4,0.46180102229118347,0.4325529634952545
overall,4,5,0.7945218682289124,0.44165074825286865
overall,4,6,0.15211157500743866,0.5296500325202942
overall,4,7,0.710364818572998,0.45450901985168457
overall,4,8,1.416900634765625,0.9521000981330872
overall,4,9,2.34407639503479,0.9904334545135498
overall,4,10,1.0631804466247559,0.7109731435775757
overall,4,11,1.0607378482818604,0.6196860671043396
overall,5,0,0.37407881021499634,0.6218512654304504
overall,5,1,0.705249011516571,0.8909413814544678
overall,5,2,0.25012680888175964,0.46535953879356384
overall,5,3,0.688881516456604,0.5996567606925964
overall,5,4,1.7513182163238525,0.6325913667678833
overall,5,5,0.283970445394516,0.7923679351806641
overall,5,6,0.21073149144649506,0.39650198817253113
overall,5,7,0.6701294183731079,0.9020223021507263
overall,5,8,0.4265836179256439,0.5169619917869568
overall,5,9,0.36081746220588684,0.6470799446105957
overall,5,10,0.9089226126670837,0.6391035318374634
overall,5,11,0.6772331595420837,0.49552321434020996
overall,6,0,1.2772239446640015,0.3925909399986267
overall,6,1,3.423572301864624,0.3267156779766083
overall,6,2,0.8069704174995422,0.3985007405281067
overall,6,3,0.819536566734314,0.5000081062316895
overall,6,4,0.4773378372192383,0.6413248181343079
overall,6,5,0.4811297655105591,0.44162291288375854
overall,6,6,0.33838289976119995,0.43101754784584045
overall,6,7,0.56907057762146,0.4411635398864746
overall,6,8,2.1896655559539795,0.4910831153392792
overall,6,9,1.0087857246398926,0.28144553303718567
overall,6,10,0.6620145440101624,0.469076931476593
overall,6,11,2.370358943939209,0.50471031665802
overall,7,0,1.2288662195205688,0.8551449775695801
overall,7,1,0.7532398700714111,0.6094406843185425
overall,7,2,0.8558943867683411,0.2317894548177719
overall,7,3,0.32493481040000916,0.310055673122406
overall,7,4,0.40136078000068665,0.3580467700958252
overall,7,5,0.9857620596885681,0.5613939762115479
overall,7,6,0.7174730896949768,0.9209213256835938
overall,7,7,0.6283338069915771,0.1827072650194168
overall,7,8,1.108630657196045,1.0084627866744995
overall,7,9,0.5152792930603027,0.2347242385149002
overall,7,10,0.5486364960670471,0.3930117189884186
overall,7,11,0.6195678114891052,0.558713972568512
overall,8,0,0.6268369555473328,0.6032013297080994
overall,8,1,0.7823489904403687,0.4585854709148407
overall,8,2,0.6006092429161072,0.3610830307006836
overall,8,3,0.5038114190101624,0.4011983275413513
overall,8,4,0.9215616583824158,0.23221802711486816
overall,8,5,1.4000154733657837,0.45371848344802856
overall,8,6,1.4711813926696777,0.4532184898853302
overall,8,7,1.1517610549926758,0.8580043911933899
overall,8,8,0.440174400806427,0.18771159648895264
overall,8,9,0.9860990643501282,0.6069441437721252
overall,8,10,0.6162224411964417,0.4775674045085907
overall,8,11,0.8513730764389038,0.7644404172897339
overall,9,0,0.6021713018417358,0.2797846496105194
overall,9,1,0.741557776927948,0.5061719417572021
overall,9,2,0.5202785134315491,0.4872615933418274
overall,9,3,0.5204264521598816,0.27324795722961426
overall,9,4,1.0784169435501099,0.4608031213283539
overall,9,5,0.9957045316696167,0.38962724804878235
overall,9,6,0.7974010705947876,0.813709020614624
overall,9,7,0.8528809547424316,0.5815826058387756
overall,9,8,0.5000448822975159,0.38011080026626587
overall,9,9,0.656711220741272,0.6097280979156494
overall,9,10,0.972075343132019,0.369619756937027
overall,9,11,0.949245810508728,0.5254751443862915
overall,10,0,1.133108377456665,0.3551570475101471
overall,10,1,1.0270123481750488,0.39352115988731384
overall,10,2,1.0686312913894653,0.4407529830932617
overall,10,3,1.2340513467788696,0.4212915599346161
overall,10,4,0.7665343284606934,0.41476190090179443
overall,10,5,1.736966848373413,0.6302870512008667
overall,10,6,0.5171727538108826,0.36716121435165405
overall,10,7,1.533560872077942,0.1783255636692047
overall,10,8,0.7709349989891052,0.49576056003570557
overall,10,9,1.5763014554977417,0.559119462966919
overall,10,10,0.7907941341400146,0.4136788845062256
overall,10,11,0.6760889291763306,0.4506930410861969
overall,11,0,0.10533763468265533,0.00827939622104168
overall,11,1,0.552385151386261,0.10805733501911163
overall,11,2,0.020658597350120544,0.029705489054322243
overall,11,3,0.6474381685256958,0.12394826114177704
overall,11,4,0.010962441563606262,0.004796934779733419
overall,11,5,0.16456648707389832,0.037085119634866714
overall,11,6,0.09929104149341583,0.3244461417198181
overall,11,7,0.10376506298780441,0.18958792090415955
overall,11,8,0.04083912447094917,0.013111487030982971
overall,11,9,0.2920202910900116,0.41697224974632263
overall,11,10,0.12484320253133774,0.0226213950663805
overall,11,11,0.11685823649168015,0.030859168618917465
seen,0,0,0.9400752186775208,0.988003671169281
seen,0,1,1.2808820009231567,0.9876068830490112
seen,0,2,0.9896600246429443,1.0216968059539795
seen,0,3,1.1540855169296265,1.006646990776062
seen,0,4,1.3555048704147339,1.09562349319458
seen,0,5,0.5233798623085022,0.8844081163406372
seen,0,6,0.5761865973472595,0.9731147885322571
seen,0,7,0.9465001225471497,0.9259471297264099
seen,0,8,0.8810080885887146,0.9676675200462341
seen,0,9,0.7449550628662109,1.0318363904953003
seen,0,10,1.1597522497177124,1.0767955780029297
seen,0,11,1.0897928476333618,1.0207868814468384
seen,1,0,0.3833114206790924,0.854665219783783
seen,1,1,0.5214086771011353,0.665140688419342
seen,1,2,0.8045312762260437,1.0038120746612549
seen,1,3,0.22841913998126984,0.4606574475765228
seen,1,4,0.35656437277793884,0.6289519667625427
seen,1,5,0.5065176486968994,0.34736451506614685
seen,1,6,0.3498856723308563,0.47597643733024597
seen,1,7,0.9576704502105713,0.5970550179481506
seen,1,8,0.8101871013641357,0.37907400727272034
seen,1,9,0.10755246877670288,0.14627741277217865
seen,1,10,0.18341852724552155,0.38025498390197754
seen,1,11,0.5157429575920105,0.6577555537223816
seen,2,0,0.16749362647533417,0.3068850338459015
seen,2,1,0.6874421834945679,0.6636307239532471
seen,2,2,0.12977665662765503,0.15504033863544464
seen,2,3,0.469711035490036,0.5691221356391907
seen,2,4,0.5804858207702637,0.4848802983760834
seen,2,5,0.5615614652633667,0.4559187591075897
seen,2,6,0.29951250553131104,0.5982943177223206
seen,2,7,0.4671036899089813,0.48442378640174866
seen,2,8,0.7435569763183594,0.6588611602783203
seen,2,9,0.584053099155426,0.6199012994766235
seen,2,10,0.5944871306419373,0.4620847702026367
seen,2,11,0.22193969786167145,0.2763341963291168
seen,3,0,0.3957482576370239,0.4309697151184082
seen,3,1,0.31716763973236084,0.39269447326660156
seen,3,2,0.7480651140213013,0.5003038644790649
seen,3,3,0.8113097548484802,0.5639674067497253
seen,3,4,0.23274074494838715,0.4057798385620117
seen,3,5,0.3374059200286865,0.6475340723991394
seen,3,6,0.6061849594116211,0.6689850091934204
seen,3,7,0.5201293230056763,0.39400604367256165
seen,3,8,0.4101015329360962,0.6032208800315857
seen,3,9,0.39820533990859985,0.8078344464302063
seen,3,10,0.13070198893547058,0.37318363785743713
seen,3,11,0.5899547338485718,0.9363387227058411
seen,4,0,0.9878937005996704,0.6682099103927612
seen,4,1,1.7233624458312988,0.972358763217926
seen,4,2,0.536203920841217,0.6682539582252502
seen,4,3,0.36246007680892944,0.6806036233901978
seen,4,4,0.5367133021354675,0.4456082284450531
seen,4,5,0.8138630390167236,0.4598701298236847
seen,4,6,0.18075020611286163,0.5233052968978882
seen,4,7,0.6508221626281738,0.4728219211101532
seen,4,8,1.231207251548767,1.0121816396713257
seen,4,9,2.1909894943237305,1.0369654893875122
seen,4,10,1.0267432928085327,0.7328539490699768
seen,4,11,1.0056743621826172,0.6473245620727539
seen,5,0,0.33988499641418457,0.6238459944725037
seen,5,1,0.6830758452415466,0.8971693515777588
seen,5,2,0.2469784915447235,0.44037699699401855
seen,5,3,0.5664137005805969,0.6421993970870972
seen,5,4,1.5782179832458496,0.6837043166160583
seen,5,5,0.2885676622390747,0.7811940908432007
seen,5,6,0.2081182450056076,0.3831724524497986
seen,5,7,0.6551688313484192,0.898254930973053
seen,5,8,0.35498231649398804,0.5375878810882568
seen,5,9,0.3995327949523926,0.6307613253593445
seen,5,10,0.8241820335388184,0.6752319931983948
seen,5,11,0.6773933172225952,0.494292289018631
seen,6,0,1.1217222213745117,0.42329874634742737
seen,6,1,2.6346516609191895,0.41203573346138
seen,6,2,1.0850460529327393,0.3652903735637665
seen,6,3,0.8280766606330872,0.5238077044487
seen,6,4,0.4861063063144684,0.6610530614852905
seen,6,5,0.512977123260498,0.44105637073516846
seen,6,6,0.3267351984977722,0.45165935158729553
seen,6,7,0.558522641658783,0.461661159992218
seen,6,8,2.1798391342163086,0.4923243820667267
seen,6,9,1.0118939876556396,0.3206079602241516
seen,6,10,0.7081046104431152,0.4812178313732147
seen,6,11,2.236973285675049,0.5428559184074402
seen,7,0,1.4207707643508911,0.8261680603027344
seen,7,1,0.7826969623565674,0.6498980522155762
seen,7,2,0.8752003312110901,0.2532987594604492
seen,7,3,0.3670748174190521,0.3314736783504486
seen,7,4,0.4260789155960083,0.3441535532474518
seen,7,5,1.0864309072494507,0.5537825226783752
seen,7,6,0.764342188835144,0.9210907816886902
seen,7,7,0.6868155002593994,0.19171077013015747
seen,7,8,1.1138471364974976,1.0012273788452148
seen,7,9,0.7272481322288513,0.2349580079317093
seen,7,10,0.4952634572982788,0.4318154752254486
seen,7,11,0.6184054017066956,0.595440149307251
seen,8,0,0.6734980344772339,0.6114682555198669
seen,8,1,0.6715375185012817,0.45488837361335754
seen,8,2,0.7529688477516174,0.3447563946247101
seen,8,3,0.49522343277931213,0.43100056052207947
seen,8,4,1.045276403427124,0.22961725294589996
seen,8,5,1.2818931341171265,0.49264124035835266
seen,8,6,1.3348448276519775,0.4596438407897949
seen,8,7,1.1245918273925781,0.8429072499275208
seen,8,8,0.5338395237922668,0.17013725638389587
seen,8,9,0.9910731911659241,0.6164888143539429
seen,8,10,0.5722280740737915,0.4991021454334259
seen,8,11,0.8400847315788269,0.7393631935119629
seen,9,0,0.8408875465393066,0.29123440384864807
seen,9,1,0.9137657284736633,0.5104092359542847
seen,9,2,0.5193875432014465,0.5029748678207397
seen,9,3,0.5816288590431213,0.2837916910648346
seen,9,4,1.1807961463928223,0.4248840808868408
seen,9,5,1.0700169801712036,0.4083945155143738
seen,9,6,0.9526450037956238,0.7746383547782898
seen,9,7,0.7678544521331787,0.6610935926437378
seen,9,8,0.5477762222290039,0.4177496135234833
seen,9,9,0.7412570714950562,0.6361591815948486
seen,9,10,1.0585554838180542,0.3799143135547638
seen,9,11,1.0561392307281494,0.5491901636123657
seen,10,0,1.1640236377716064,0.3633474111557007
seen,10,1,1.0683344602584839,0.40089499950408936
seen,10,2,1.1499731540679932,0.455888956785202
seen,10,3,1.0159523487091064,0.4878630042076111
seen,10,4,1.0748414993286133,0.45712190866470337
seen,10,5,2.0754730701446533,0.5713005065917969
seen,10,6,0.4996519982814789,0.41186654567718506
seen,10,7,1.1815789937973022,0.21995830535888672
seen,10,8,0.8346895575523376,0.5217110514640808
seen,10,9,1.9192397594451904,0.526332676410675
seen,10,10,0.6391937732696533,0.450785368680954
seen,10,11,0.7270497679710388,0.4698834717273712
seen,11,0,0.11278168112039566,0.00821180734783411
seen,11,1,0.484708309173584,0.11438336968421936
seen,11,2,0.03147004544734955,0.03628047928214073
seen,11,3,0.9473928213119507,0.12559859454631805
seen,11,4,0.013431674800813198,0.003786867717280984
seen,11,5,0.19475749135017395,0.033286746591329575
seen,11,6,0.11981377750635147,0.42521795630455017
seen,11,7,0.1517629474401474,0.25317710638046265
seen,11,8,0.06860560178756714,0.013324476778507233
seen,11,9,0.2642146944999695,0.40146350860595703
seen,11,10,0.13813458383083344,0.025661785155534744
seen,11,11,0.12943415343761444,0.03280217945575714
unseen,0,0,0.9071610569953918,1.0024539232254028
unseen,0,1,1.0917553901672363,1.007116675376892
unseen,0,2,0.8317906260490417,1.048829197883606
unseen,0,3,1.0292489528656006,1.012743592262268
unseen,0,4,1.267966389656067,1.089991569519043
unseen,0,5,0.517855167388916,0.9250189661979675
unseen,0,6,0.49532681703567505,0.9767779111862183
unseen,0,7,0.8770622611045837,0.9346346259117126
unseen,0,8,0.8127995133399963,1.0196000337600708
unseen,0,9,0.5879598259925842,1.053027868270874
unseen,0,10,1.013764500617981,1.0916825532913208
unseen,0,11,1.0896821022033691,1.0219078063964844
unseen,1,0,0.33711734414100647,0.8406736850738525
unseen,1,1,0.49986982345581055,0.7005234360694885
unseen,1,2,0.8068137168884277,1.0034083127975464
unseen,1,3,0.17677852511405945,0.4449247717857361
unseen,1,4,0.29596200585365295,0.6335464715957642
unseen,1,5,0.5600572228431702,0.339255690574646
unseen,1,6,0.3550868034362793,0.4904862344264984
unseen,1,7,0.8825151324272156,0.6125985980033875
unseen,1,8,0.8630786538124084,0.3872765600681305
unseen,1,9,0.18209898471832275,0.14072895050048828
unseen,1,10,0.14589166641235352,0.3965926766395569
unseen,1,11,0.430030882358551,0.6478708982467651
unseen,2,0,0.1111830621957779,0.3605806231498718
unseen,2,1,0.80438631772995,0.6627544164657593
unseen,2,2,0.16543078422546387,0.16018694639205933
unseen,2,3,0.39005884528160095,0.5868498086929321
unseen,2,4,0.7586648464202881,0.4720328748226166
unseen,2,5,0.5420524477958679,0.46027570962905884
unseen,2,6,0.3106275498867035,0.6002961993217468
unseen,2,7,0.39498335123062134,0.47510573267936707
unseen,2,8,0.6996691823005676,0.6943603754043579
unseen,2,9,0.7102258205413818,0.6405629515647888
unseen,2,10,0.6190658211708069,0.4634627401828766
unseen,2,11,0.2330111265182495,0.2560867965221405
unseen,3,0,0.39195874333381653,0.43350815773010254
unseen,3,1,0.35642316937446594,0.3857094347476959
unseen,3,2,0.8859300017356873,0.43399500846862793
unseen,3,3,0.7349483370780945,0.549304187297821
unseen,3,4,0.3402492105960846,0.4086000919342041
unseen,3,5,0.2958512008190155,0.6764897704124451
unseen,3,6,0.6370744109153748,0.6408442854881287
unseen,3,7,0.49407562613487244,0.3900803029537201
unseen,3,8,0.40732529759407043,0.6140554547309875
unseen,3,9,0.38019391894340515,0.8299595713615417
unseen,3,10,0.1432940661907196,0.3786177933216095
unseen,3,11,0.5960293412208557,0.9012252688407898
unseen,4,0,1.0508604049682617,0.6216474771499634
unseen,4,1,1.6232454776763916,0.9090551733970642
unseen,4,2,0.521476686000824,0.6416099667549133
unseen,4,3,0.36832576990127563,0.6652332544326782
unseen,4,4,0.4121944010257721,0.4239073693752289
unseen,4,5,0.7817137837409973,0.42958545684814453
unseen,4,6,0.13314716517925262,0.5338517427444458
unseen,4,7,0.7497949004173279,0.44238200783729553
unseen,4,8,1.5398633480072021,0.9123132228851318
unseen,4,9,2.4454519748687744,0.9596174359321594
unseen,4,10,1.0873091220855713,0.6964828968048096
unseen,4,11,1.0972002744674683,0.6013841032981873
unseen,5,0,0.3967215418815613,0.6205308437347412
unseen,5,1,0.7199307084083557,0.8868197202682495
unseen,5,2,0.2522110641002655,0.4819028973579407
unseen,5,3,0.7699801325798035,0.5714853405952454
unseen,5,4,1.865944504737854,0.5987444519996643
unseen,5,5,0.280926376581192,0.799767792224884
unseen,5,6,0.21246184408664703,0.4053284525871277
unseen,5,7,0.6800364851951599,0.9045162796974182
unseen,5,8,0.4739983081817627,0.5033028721809387
unseen,5,9,0.3351799547672272,0.6578847765922546
unseen,5,10,0.9650365710258484,0.6151791214942932
unseen,5,11,0.6771268248558044,0.49633824825286865
unseen,6,0,1.380198359489441,0.3722555935382843
unseen,6,1,3.9460031986236572,0.2702169716358185
unseen,6,2,0.6228284239768982,0.4204918146133423
unseen,6,3,0.8138794302940369,0.48424750566482544
unseen,6,4,0.4715305268764496,0.628260612487793
unseen,6,5,0.46004053950309753,0.4419979155063629
unseen,6,6,0.3460962176322937,0.41734907031059265
unseen,6,7,0.5760548114776611,0.4275902807712555
unseen,6,8,2.196176767349243,0.49026042222976685
unseen,6,9,1.0067274570465088,0.2555123269557953
unseen,6,10,0.6314937472343445,0.46103742718696594
unseen,6,11,2.458683729171753,0.47945067286491394
unseen,7,0,1.1017853021621704,0.8743343353271484
unseen,7,1,0.7337316870689392,0.5826494097709656
unseen,7,2,0.8431093096733093,0.21754591166973114
unseen,7,3,0.29702940583229065,0.2958723306655884
unseen,7,4,0.38499224185943604,0.3672464191913605
unseen,7,5,0.9190998077392578,0.5664340853691101
unseen,7,6,0.6864385604858398,0.9208094477653503
unseen,7,7,0.5896079540252686,0.17674486339092255
unseen,7,8,1.105176568031311,1.0132547616958618
unseen,7,9,0.37491360306739807,0.2345694750547409
unseen,7,10,0.5839803218841553,0.36731645464897156
unseen,7,11,0.6203373074531555,0.5343955755233765
unseen,8,0,0.5959374904632568,0.5977274179458618
unseen,8,1,0.8557271361351013,0.4610339105129242
unseen,8,2,0.49971696734428406,0.3718949258327484
unseen,8,3,0.5094987750053406,0.3814636766910553
unseen,8,4,0.8396372199058533,0.2339400202035904
unseen,8,5,1.4782377481460571,0.4279441833496094
unseen,8,6,1.5614601373672485,0.4489632844924927
unseen,8,7,1.169752597808838,0.8680018186569214
unseen,8,8,0.37814924120903015,0.19934925436973572
unseen,8,9,0.9828063249588013,0.6006240248680115
unseen,8,10,0.6453556418418884,0.463307648897171
unseen,8,11,0.8588475584983826,0.7810462713241577
unseen,9,0,0.4440922141075134,0.2722024917602539
unseen,9,1,0.6275220513343811,0.5033655762672424
unseen,9,2,0.5208680629730225,0.47685500979423523
unseen,9,3,0.4798990786075592,0.2662659287452698
unseen,9,4,1.0106208324432373,0.48458850383758545
unseen,9,5,0.9464964270591736,0.37719935178756714
unseen,9,6,0.6945986151695251,0.8395806550979614
unseen,9,7,0.9091846942901611,0.5289301872253418
unseen,9,8,0.46843719482421875,0.35518649220466614
unseen,9,9,0.6007241010665894,0.5922260284423828
unseen,9,10,0.9148091673851013,0.36280322074890137
unseen,9,11,0.8784601092338562,0.509770929813385
unseen,10,0,1.1126377582550049,0.3497329652309418
unseen,10,1,0.9996493458747864,0.38863810896873474
unseen,10,2,1.0147671699523926,0.43072929978370667
unseen,10,3,1.3784778118133545,0.3772076964378357
unseen,10,4,0.5623719096183777,0.38671016693115234
unseen,10,5,1.512810230255127,0.6693479418754578
unseen,10,6,0.5287753343582153,0.33755722641944885
unseen,10,7,1.766647219657898,0.150756374001503
unseen,10,8,0.7287175059318542,0.4785763919353485
unseen,10,9,1.3492069244384766,0.5808309316635132
unseen,10,10,0.8911856412887573,0.3891076147556305
unseen,10,11,0.6423424482345581,0.4379839599132538
unseen,11,0,0.10040831565856934,0.008324164897203445
unseen,11,1,0.5972002744674683,0.10386808216571808
unseen,11,2,0.013499264605343342,0.025351492688059807
unseen,11,3,0.44880926609039307,0.12285546213388443
unseen,11,4,0.009327310137450695,0.0054658036679029465
unseen,11,5,0.14457428455352783,0.03960040956735611
unseen,11,6,0.08570075035095215,0.2577146291732788
unseen,11,7,0.07198075205087662,0.14747916162014008
unseen,11,8,0.022452136501669884,0.012970437295734882
unseen,11,9,0.31043320894241333,0.4272419512271881
unseen,11,10,0.11604175716638565,0.02060806192457676
unseen,11,11,0.10853049159049988,0.0295725017786026
seen_own_id,0,0,0.945597767829895,0.9845659136772156
seen_own_id,0,1,1.3057223558425903,0.978812038898468
seen_own_id,0,2,1.011825680732727,1.016369342803955
seen_own_id,0,3,1.1650044918060303,1.002129316329956
seen_own_id,0,4,1.3644095659255981,1.0934196710586548
seen_own_id,0,5,0.5250195264816284,0.8803240656852722
seen_own_id,0,6,0.5895427465438843,0.9736539125442505
seen_own_id,0,7,0.9585265517234802,0.9233384132385254
seen_own_id,0,8,0.8920671939849854,0.9632660746574402
seen_own_id,0,9,0.7719226479530334,1.0307215452194214
seen_own_id,0,10,1.1767568588256836,1.0693467855453491
seen_own_id,0,11,1.091644287109375,1.0202347040176392
seen_own_id,1,0,0.39157360792160034,0.8561133146286011
seen_own_id,1,1,0.5255771279335022,0.6597474217414856
seen_own_id,1,2,0.804197371006012,1.00389564037323
seen_own_id,1,3,0.2344808280467987,0.4604036211967468
seen_own_id,1,4,0.3646939694881439,0.6270188093185425
seen_own_id,1,5,0.4941878914833069,0.3445880115032196
seen_own_id,1,6,0.3499002754688263,0.47120967507362366
seen_own_id,1,7,0.9760149121284485,0.592932939529419
seen_own_id,1,8,0.8052396774291992,0.37255850434303284
seen_own_id,1,9,0.09779982268810272,0.1441972851753235
seen_own_id,1,10,0.18902850151062012,0.374272882938385
seen_own_id,1,11,0.5255255699157715,0.6530382633209229
seen_own_id,2,0,0.17411921918392181,0.2993619740009308
seen_own_id,2,1,0.6692559123039246,0.6637683510780334
seen_own_id,2,2,0.12460993975400925,0.15561799705028534
seen_own_id,2,3,0.4809470772743225,0.5673182010650635
seen_own_id,2,4,0.5444504022598267,0.4839279055595398
seen_own_id,2,5,0.56264728307724,0.45353996753692627
seen_own_id,2,6,0.2962396442890167,0.5971071124076843
seen_own_id,2,7,0.4774816334247589,0.48588088154792786
seen_own_id,2,8,0.7515588998794556,0.6456092596054077
seen_own_id,2,9,0.5627237558364868,0.6164016127586365
seen_own_id,2,10,0.5833920240402222,0.459735631942749
seen_own_id,2,11,0.21906083822250366,0.281692773103714
seen_own_id,3,0,0.3918178975582123,0.4258423447608948
seen_own_id,3,1,0.3110213577747345,0.39355939626693726
seen_own_id,3,2,0.717215359210968,0.501335084438324
seen_own_id,3,3,0.8199713230133057,0.5536950826644897
seen_own_id,3,4,0.21669165790081024,0.4033302962779999
seen_own_id,3,5,0.3455084562301636,0.6390301585197449
seen_own_id,3,6,0.6014097332954407,0.6716833710670471
seen_own_id,3,7,0.5231098532676697,0.3927413821220398
seen_own_id,3,8,0.4067184031009674,0.5998518466949463
seen_own_id,3,9,0.39976227283477783,0.8039911389350891
seen_own_id,3,10,0.12788468599319458,0.3716728687286377
seen_own_id,3,11,0.5825390219688416,0.9321919679641724
seen_own_id,4,0,0.9812893271446228,0.674368679523468
seen_own_id,4,1,1.7184349298477173,0.9632527828216553
seen_own_id,4,2,0.5383570194244385,0.6727094054222107
seen_own_id,4,3,0.3615051507949829,0.6824223399162292
seen_own_id,4,4,0.5540681481361389,0.447282999753952
seen_own_id,4,5,0.7997338771820068,0.45976635813713074
seen_own_id,4,6,0.18781998753547668,0.5232669115066528
seen_own_id,4,7,0.6385512948036194,0.4732794463634491
seen_own_id,4,8,1.1849560737609863,1.0247278213500977
seen_own_id,4,9,2.1197540760040283,1.033633828163147
seen_own_id,4,10,1.0100148916244507,0.7332357168197632
seen_own_id,4,11,0.993899405002594,0.6501955389976501
seen_own_id,5,0,0.33043375611305237,0.6218560934066772
seen_own_id,5,1,0.6799259781837463,0.8989719748497009
seen_own_id,5,2,0.24811887741088867,0.4358867406845093
seen_own_id,5,3,0.5396913886070251,0.6505206823348999
seen_own_id,5,4,1.5273839235305786,0.6904808282852173
seen_own_id,5,5,0.2892266809940338,0.7741255164146423
seen_own_id,5,6,0.210089772939682,0.3801295757293701
seen_own_id,5,7,0.6492927074432373,0.8976969718933105
seen_own_id,5,8,0.3413028120994568,0.540904700756073
seen_own_id,5,9,0.40634265542030334,0.6266655921936035
seen_own_id,5,10,0.8015716671943665,0.676530659198761
seen_own_id,5,11,0.6699844002723694,0.4844885766506195
seen_own_id,6,0,1.061812400817871,0.4198141396045685
seen_own_id,6,1,2.4270567893981934,0.42489033937454224
seen_own_id,6,2,1.1540595293045044,0.3608454465866089
seen_own_id,6,3,0.8298669457435608,0.5301011204719543
seen_own_id,6,4,0.4884732961654663,0.6646981835365295
seen_own_id,6,5,0.5182368159294128,0.4416225254535675
seen_own_id,6,6,0.32322603464126587,0.45603418350219727
seen_own_id,6,7,0.5556045770645142,0.4621005654335022
seen_own_id,6,8,2.1644721031188965,0.48434266448020935
seen_own_id,6,9,1.0001720190048218,0.32586055994033813
seen_own_id,6,10,0.7153612375259399,0.47986987233161926
seen_own_id,6,11,2.187936782836914,0.5447713732719421
seen_own_id,7,0,1.4579991102218628,0.8295474648475647
seen_own_id,7,1,0.7851142883300781,0.6644905805587769
seen_own_id,7,2,0.8648967146873474,0.2577875852584839
seen_own_id,7,3,0.37496256828308105,0.3342294692993164
seen_own_id,7,4,0.4247310161590576,0.34155556559562683
seen_own_id,7,5,1.105368733406067,0.5547614693641663
seen_own_id,7,6,0.776499330997467,0.9206219911575317
seen_own_id,7,7,0.6995030045509338,0.19255413115024567
seen_own_id,7,8,1.115782380104065,1.000727653503418
seen_own_id,7,9,0.7700676918029785,0.23136191070079803
seen_own_id,7,10,0.4848109781742096,0.44187021255493164
seen_own_id,7,11,0.6201012134552002,0.6013510823249817
seen_own_id,8,0,0.6851828694343567,0.6128013134002686
seen_own_id,8,1,0.6427105665206909,0.44869908690452576
seen_own_id,8,2,0.7856844663619995,0.3397071659564972
seen_own_id,8,3,0.4954665005207062,0.441135436296463
seen_own_id,8,4,1.0734236240386963,0.2255176603794098
seen_own_id,8,5,1.2505227327346802,0.4996930956840515
seen_own_id,8,6,1.2955540418624878,0.46136966347694397
seen_own_id,8,7,1.1163439750671387,0.841073751449585
seen_own_id,8,8,0.5571247935295105,0.16605181992053986
seen_own_id,8,9,0.9934951066970825,0.619895339012146
seen_own_id,8,10,0.5611482262611389,0.506206750869751
seen_own_id,8,11,0.8339559435844421,0.7408832311630249
seen_own_id,9,0,0.8963866829872131,0.28696852922439575
seen_own_id,9,1,0.9556160569190979,0.505937397480011
seen_own_id,9,2,0.5197875499725342,0.5007522106170654
seen_own_id,9,3,0.5968136191368103,0.28290626406669617
seen_own_id,9,4,1.2038836479187012,0.4156445860862732
seen_own_id,9,5,1.0878489017486572,0.4056771397590637
seen_own_id,9,6,0.9921091198921204,0.7575498819351196
seen_own_id,9,7,0.7461714744567871,0.669095516204834
seen_own_id,9,8,0.5572273135185242,0.420857310295105
seen_own_id,9,9,0.7602832317352295,0.6335757970809937
seen_own_id,9,10,1.0785411596298218,0.3736415207386017
seen_own_id,9,11,1.080901861190796,0.5501930117607117
seen_own_id,10,0,1.1612756252288818,0.35968416929244995
seen_own_id,10,1,1.0757249593734741,0.4001184403896332
seen_own_id,10,2,1.1690301895141602,0.4572499096393585
seen_own_id,10,3,0.9535403847694397,0.4945038855075836
seen_own_id,10,4,1.1452915668487549,0.4667321741580963
seen_own_id,10,5,2.1711089611053467,0.5528984665870667
seen_own_id,10,6,0.4963393211364746,0.409283846616745
seen_own_id,10,7,1.1021745204925537,0.22314654290676117
seen_own_id,10,8,0.8489059805870056,0.5238235592842102
seen_own_id,10,9,2.0307040214538574,0.5091582536697388
seen_own_id,10,10,0.597076952457428,0.4522297978401184
seen_own_id,10,11,0.7385774254798889,0.4684266448020935
seen_own_id,11,0,0.11019888520240784,0.008119619451463223
seen_own_id,11,1,0.46094271540641785,0.11513196676969528
seen_own_id,11,2,0.033997792750597,0.03620434179902077
seen_own_id,11,3,1.0046945810317993,0.12370336800813675
seen_own_id,11,4,0.013727418147027493,0.003521688748151064
seen_own_id,11,5,0.19974273443222046,0.03216483071446419
seen_own_id,11,6,0.12744973599910736,0.43977639079093933
seen_own_id,11,7,0.1606980860233307,0.2530180513858795
seen_own_id,11,8,0.074759341776371,0.01326779555529356
seen_own_id,11,9,0.26188012957572937,0.3965013921260834
seen_own_id,11,10,0.13645173609256744,0.02608586475253105
seen_own_id,11,11,0.1308276653289795,0.03320683538913727
seen_unknown,0,0,0.9036015868186951,1.0107066631317139
seen_unknown,0,1,1.1168267726898193,1.0456894636154175
seen_unknown,0,2,0.8432682752609253,1.0568801164627075
seen_unknown,0,3,1.0819746255874634,1.0364829301834106
seen_unknown,0,4,1.296694040298462,1.1101815700531006
seen_unknown,0,5,0.5125522017478943,0.9113824963569641
seen_unknown,0,6,0.4879775047302246,0.9695500135421753
seen_unknown,0,7,0.8670734763145447,0.9431741833686829
seen_unknown,0,8,0.8079743385314941,0.9967414736747742
seen_unknown,0,9,0.5668520927429199,1.0391994714736938
seen_unknown,0,10,1.0474419593811035,1.1259888410568237
seen_unknown,0,11,1.077561378479004,1.0244358777999878
seen_unknown,1,0,0.32874351739883423,0.8450993895530701
seen_unknown,1,1,0.493878573179245,0.7007616758346558
seen_unknown,1,2,0.8067326545715332,1.0032624006271362
seen_unknown,1,3,0.18838578462600708,0.46233296394348145
seen_unknown,1,4,0.3028731048107147,0.6417186260223389
seen_unknown,1,5,0.5879477262496948,0.36570119857788086
seen_unknown,1,6,0.34978803992271423,0.5074576735496521
seen_unknown,1,7,0.8365170955657959,0.6242802739143372
seen_unknown,1,8,0.8428618311882019,0.42210498452186584
seen_unknown,1,9,0.1719629019498825,0.160015270113945
seen_unknown,1,10,0.1463681012392044,0.4197629988193512
seen_unknown,1,11,0.4511354863643646,0.6889128684997559
seen_unknown,2,0,0.12373542040586472,0.356570303440094
seen_unknown,2,1,0.8075509667396545,0.6627224087715149
seen_unknown,2,2,0.16389930248260498,0.15122531354427338
seen_unknown,2,3,0.3955029547214508,0.5810341238975525
seen_unknown,2,4,0.8184806108474731,0.49116969108581543
seen_unknown,2,5,0.5543891787528992,0.47163012623786926
seen_unknown,2,6,0.3211270868778229,0.6061334609985352
seen_unknown,2,7,0.39856410026550293,0.47480183839797974
seen_unknown,2,8,0.6907089352607727,0.746382474899292
seen_unknown,2,9,0.7249211072921753,0.6430162191390991
seen_unknown,2,10,0.6677639484405518,0.4775989353656769
seen_unknown,2,11,0.2409536987543106,0.2409435510635376
seen_unknown,3,0,0.42170536518096924,0.4648344814777374
seen_unknown,3,1,0.35776084661483765,0.38698238134384155
seen_unknown,3,2,0.9518095850944519,0.49349334836006165
seen_unknown,3,3,0.7541046142578125,0.6318077445030212
seen_unknown,3,4,0.33873650431632996,0.4219586253166199
seen_unknown,3,5,0.2838945984840393,0.7036963105201721
seen_unknown,3,6,0.6377219557762146,0.6511618494987488
seen_unknown,3,7,0.5004445314407349,0.4023594260215759
seen_unknown,3,8,0.432444304227829,0.6254719495773315
seen_unknown,3,9,0.3879237473011017,0.8332157135009766
seen_unknown,3,10,0.14930909872055054,0.3831597566604614
seen_unknown,3,11,0.6389297246932983,0.9637265205383301
seen_unknown,4,0,1.0315179824829102,0.6275332570075989
seen_unknown,4,1,1.7559118270874023,1.0324956178665161
seen_unknown,4,2,0.5219826698303223,0.6388272643089294
seen_unknown,4,3,0.3687664866447449,0.6685913801193237
seen_unknown,4,4,0.4220954179763794,0.4345466196537018
seen_unknown,4,5,0.9071750640869141,0.4605560302734375
seen_unknown,4,6,0.13405849039554596,0.5235581994056702
seen_unknown,4,7,0.7318634986877441,0.46979820728302
seen_unknown,4,8,1.5366673469543457,0.929323136806488
seen_unknown,4,9,2.6614575386047363,1.0589687824249268
seen_unknown,4,10,1.137225866317749,0.730330228805542
seen_unknown,4,11,1.083442211151123,0.6283648014068604
seen_unknown,5,0,0.40230464935302734,0.6369882225990295
seen_unknown,5,1,0.70387864112854,0.8852623701095581
seen_unknown,5,2,0.23944683372974396,0.4700324535369873
seen_unknown,5,3,0.7428967952728271,0.5872430205345154
seen_unknown,5,4,1.9139485359191895,0.6389487385749817
seen_unknown,5,5,0.2842158079147339,0.8278778195381165
seen_unknown,5,6,0.19509847462177277,0.40326955914497375
seen_unknown,5,7,0.6939769983291626,0.9019360542297363
seen_unknown,5,8,0.44532617926597595,0.515683114528656
seen_unknown,5,9,0.3545578718185425,0.6578109860420227
seen_unknown,5,10,0.9735130071640015,0.6666565537452698
seen_unknown,5,11,0.726324737071991,0.5590403079986572
seen_unknown,6,0,1.5173903703689575,0.4463118314743042
seen_unknown,6,1,4.005686283111572,0.32713744044303894
seen_unknown,6,2,0.6292545199394226,0.39464572072029114
seen_unknown,6,3,0.8162503838539124,0.48224544525146484
seen_unknown,6,4,0.4704717993736267,0.6369794607162476
seen_unknown,6,5,0.4782412052154541,0.43731728196144104
seen_unknown,6,6,0.3499103784561157,0.42276546359062195
seen_unknown,6,7,0.5777962803840637,0.4587579667568207
seen_unknown,6,8,2.2813403606414795,0.5450401902198792
seen_unknown,6,9,1.0893076658248901,0.2859177589416504
seen_unknown,6,10,0.6601802110671997,0.49012139439582825
seen_unknown,6,11,2.560824155807495,0.5302051305770874
seen_unknown,7,0,1.174898386001587,0.8038457632064819
seen_unknown,7,1,0.7667297720909119,0.5535242557525635
seen_unknown,7,2,0.9432511329650879,0.22365257143974304
seen_unknown,7,3,0.3149808347225189,0.3132737874984741
seen_unknown,7,4,0.4349801242351532,0.3613116443157196
seen_unknown,7,5,0.961357057094574,0.5473183393478394
seen_unknown,7,6,0.6840503215789795,0.924187183380127
seen_unknown,7,7,0.6030237674713135,0.18614108860492706
seen_unknown,7,8,1.1010667085647583,1.0045297145843506
seen_unknown,7,9,0.44445088505744934,0.2587081491947174
seen_unknown,7,10,0.5642963647842407,0.36541008949279785
seen_unknown,7,11,0.6072051525115967,0.5564006567001343
seen_unknown,8,0,0.5963253974914551,0.6026633381843567
seen_unknown,8,1,0.8619217872619629,0.49576622247695923
seen_unknown,8,2,0.536902904510498,0.37810343503952026
seen_unknown,8,3,0.49361947178840637,0.36406463384628296
seen_unknown,8,4,0.8593782782554626,0.256692498922348
seen_unknown,8,5,1.489078402519226,0.44606897234916687
seen_unknown,8,6,1.5943379402160645,0.4482453167438507
seen_unknown,8,7,1.1790659427642822,0.8550134897232056
seen_unknown,8,8,0.38005325198173523,0.19711947441101074
seen_unknown,8,9,0.9750754237174988,0.5939927101135254
seen_unknown,8,10,0.6454027891159058,0.45218154788017273
seen_unknown,8,11,0.8805636763572693,0.7293234467506409
seen_unknown,9,0,0.47435176372528076,0.3194102644920349
seen_unknown,9,1,0.6373690366744995,0.5399439334869385
seen_unknown,9,2,0.516746461391449,0.5176565647125244
seen_unknown,9,3,0.4813431203365326,0.289638876914978
seen_unknown,9,4,1.0283148288726807,0.48590603470802307
seen_unknown,9,5,0.952250063419342,0.42634305357933044
seen_unknown,9,6,0.6920097470283508,0.8874974250793457
seen_unknown,9,7,0.9110591411590576,0.6082440614700317
seen_unknown,9,8,0.485358864068985,0.3972247242927551
seen_unknown,9,9,0.6155992150306702,0.6532222032546997
seen_unknown,9,10,0.9265592694282532,0.4213429093360901
seen_unknown,9,11,0.8925952315330505,0.5425677299499512
seen_unknown,10,0,1.1821694374084473,0.3875402808189392
seen_unknown,10,1,1.0195274353027344,0.4060235619544983
seen_unknown,10,2,1.0241094827651978,0.4469006657600403
seen_unknown,10,3,1.4281458854675293,0.44400474429130554
seen_unknown,10,4,0.6095633506774902,0.3936522305011749
seen_unknown,10,5,1.4438542127609253,0.6928361058235168
seen_unknown,10,6,0.5215306282043457,0.42892417311668396
seen_unknown,10,7,1.7059961557388306,0.1989026516675949
seen_unknown,10,8,0.7407945990562439,0.5077602863311768
seen_unknown,10,9,1.1830873489379883,0.6397611498832703
seen_unknown,10,10,0.917350172996521,0.44124501943588257
seen_unknown,10,11,0.6509157419204712,0.47950589656829834
seen_unknown,11,0,0.1298394799232483,0.008820631541311741
seen_unknown,11,1,0.6416671872138977,0.10943912714719772
seen_unknown,11,2,0.014775839634239674,0.036783453077077866
seen_unknown,11,3,0.5689494609832764,0.13811534643173218
seen_unknown,11,4,0.011478531174361706,0.005538220051676035
seen_unknown,11,5,0.16183269023895264,0.04069637879729271
seen_unknown,11,6,0.06938298791646957,0.3290676176548004
seen_unknown,11,7,0.0927518829703331,0.2542279362678528
seen_unknown,11,8,0.02796393632888794,0.013698797672986984
seen_unknown,11,9,0.27963337302207947,0.434233695268631
seen_unknown,11,10,0.1492483913898468,0.02286103554069996
seen_unknown,11,11,0.12023008614778519,0.030129708349704742
is_words,0,0,0.9431661367416382,0.9771027565002441
is_words,0,1,1.1208311319351196,0.9609708786010742
is_words,0,2,0.8782796859741211,1.0354647636413574
is_words,0,3,0.8984736204147339,0.9870120882987976
is_words,0,4,1.2552192211151123,1.100061297416687
is_words,0,5,0.5609586834907532,0.9336362481117249
is_words,0,6,0.5327725410461426,0.9918397068977356
is_words,0,7,0.8944422602653503,0.8876159191131592
is_words,0,8,0.8649473786354065,1.0823566913604736
is_words,0,9,0.708918035030365,1.0700347423553467
is_words,0,10,0.9435033798217773,1.023401141166687
is_words,0,11,1.1036581993103027,1.0252755880355835
is_words,1,0,0.38199949264526367,0.8208629488945007
is_words,1,1,0.504987895488739,0.6306851506233215
is_words,1,2,0.8053387999534607,1.0030604600906372
is_words,1,3,0.17045551538467407,0.42095544934272766
is_words,1,4,0.3112281262874603,0.6281310319900513
is_words,1,5,0.4220622181892395,0.275796502828598
is_words,1,6,0.36515429615974426,0.4688293933868408
is_words,1,7,1.0787583589553833,0.5501635670661926
is_words,1,8,0.9413965344429016,0.2913709878921509
is_words,1,9,0.14535681903362274,0.0837392807006836
is_words,1,10,0.16186422109603882,0.30609753727912903
is_words,1,11,0.3660378158092499,0.5678702592849731
is_words,2,0,0.1130201518535614,0.322234183549881
is_words,2,1,0.7623823881149292,0.6938871741294861
is_words,2,2,0.1314236968755722,0.14487941563129425
is_words,2,3,0.4340667426586151,0.556808352470398
is_words,2,4,0.5440919399261475,0.4336693584918976
is_words,2,5,0.49434274435043335,0.4247457981109619
is_words,2,6,0.21442042291164398,0.5698772072792053
is_words,2,7,0.40529829263687134,0.48207932710647583
is_words,2,8,0.6971110105514526,0.5902776718139648
is_words,2,9,0.6502869129180908,0.6345052719116211
is_words,2,10,0.4890784025192261,0.4160288870334625
is_words,2,11,0.2038525640964508,0.23050595819950104
is_words,3,0,0.3040376305580139,0.37604811787605286
is_words,3,1,0.3384281098842621,0.36424148082733154
is_words,3,2,0.672339141368866,0.2379717081785202
is_words,3,3,0.6344383955001831,0.4109286963939667
is_words,3,4,0.21866068243980408,0.37261658906936646
is_words,3,5,0.29541558027267456,0.6479795575141907
is_words,3,6,0.6090223789215088,0.6477788686752319
is_words,3,7,0.4823228716850281,0.395670086145401
is_words,3,8,0.31899556517601013,0.5313969850540161
is_words,3,9,0.3750208020210266,0.821503758430481
is_words,3,10,0.12184035778045654,0.35388821363449097
is_words,3,11,0.3719369173049927,0.6272248029708862
is_words,4,0,1.0562959909439087,0.6612480282783508
is_words,4,1,1.3058756589889526,0.7032911777496338
is_words,4,2,0.5249835848808289,0.6207095384597778
is_words,4,3,0.35521456599235535,0.6963688731193542
is_words,4,4,0.4280537962913513,0.450218141078949
is_words,4,5,0.5387739539146423,0.34958845376968384
is_words,4,6,0.10107365250587463,0.47820401191711426
is_words,4,7,0.7236816883087158,0.39782482385635376
is_words,4,8,1.3348013162612915,0.9539309740066528
is_words,4,9,1.6671857833862305,0.8141592144966125
is_words,4,10,0.8989007472991943,0.6725135445594788
is_words,4,11,1.0459022521972656,0.6338196992874146
is_words,5,0,0.37880265712738037,0.6646596789360046
is_words,5,1,0.7475464344024658,0.8845630288124084
is_words,5,2,0.24541068077087402,0.4557911455631256
is_words,5,3,0.70179283618927,0.547743558883667
is_words,5,4,1.4348074197769165,0.4947340190410614
is_words,5,5,0.26366692781448364,0.7275881171226501
is_words,5,6,0.11460558325052261,0.3598276972770691
is_words,5,7,0.6389497518539429,0.9674409627914429
is_words,5,8,0.4620760381221771,0.4810756742954254
is_words,5,9,0.3047044277191162,0.5924688577651978
is_words,5,10,0.7252691388130188,0.542134165763855
is_words,5,11,0.48349976539611816,0.3197891116142273
is_words,6,0,0.9453160166740417,0.36767786741256714
is_words,6,1,2.331037998199463,0.20910735428333282
is_words,6,2,0.47112327814102173,0.3892655670642853
is_words,6,3,0.8076156973838806,0.45729607343673706
is_words,6,4,0.469087690114975,0.5948603749275208
is_words,6,5,0.4425438642501831,0.42674896121025085
is_words,6,6,0.3099764287471771,0.41161319613456726
is_words,6,7,0.5629140138626099,0.3620941936969757
is_words,6,8,1.6530531644821167,0.5065915584564209
is_words,6,9,0.8913202881813049,0.2532423436641693
is_words,6,10,0.6022066473960876,0.34797850251197815
is_words,6,11,2.0151848793029785,0.4364622235298157
is_words,7,0,1.0493991374969482,1.0896568298339844
is_words,7,1,0.7019187211990356,0.5856660604476929
is_words,7,2,0.6654098629951477,0.17299500107765198
is_words,7,3,0.2748275399208069,0.28537672758102417
is_words,7,4,0.35228946805000305,0.3583315312862396
is_words,7,5,0.9202426075935364,0.5511031150817871
is_words,7,6,0.7057129740715027,0.9218153357505798
is_words,7,7,0.5760467648506165,0.1921687126159668
is_words,7,8,1.116042137145996,1.0143550634384155
is_words,7,9,0.25262877345085144,0.1229751780629158
is_words,7,10,0.581556499004364,0.43249061703681946
is_words,7,11,0.6124552488327026,0.5309946537017822
is_words,8,0,0.5857084393501282,0.5846713781356812
is_words,8,1,0.751365065574646,0.39338842034339905
is_words,8,2,0.5045811533927917,0.354465126991272
is_words,8,3,0.4614979326725006,0.39387938380241394
is_words,8,4,0.8547688126564026,0.18071097135543823
is_words,8,5,1.2315298318862915,0.387938529253006
is_words,8,6,1.3279253244400024,0.48340681195259094
is_words,8,7,1.1267904043197632,1.0128828287124634
is_words,8,8,0.41190841794013977,0.19164685904979706
is_words,8,9,0.9578540921211243,0.6188621520996094
is_words,8,10,0.5726034045219421,0.5297799110412598
is_words,8,11,0.7524933218955994,0.9051305651664734
is_words,9,0,0.5718202590942383,0.2180415540933609
is_words,9,1,0.6861273646354675,0.44689127802848816
is_words,9,2,0.5237328410148621,0.4850698411464691
is_words,9,3,0.49613863229751587,0.2693518400192261
is_words,9,4,1.00234854221344,0.4920082986354828
is_words,9,5,0.9872404336929321,0.3147333860397339
is_words,9,6,0.7992810606956482,0.7501696348190308
is_words,9,7,0.8711123466491699,0.5285815596580505
is_words,9,8,0.47009289264678955,0.30732080340385437
is_words,9,9,0.6040635108947754,0.5497844815254211
is_words,9,10,0.9055072069168091,0.30443552136421204
is_words,9,11,0.9194865822792053,0.5589303374290466
is_words,10,0,1.0714635848999023,0.389831006526947
is_words,10,1,1.0880815982818604,0.38046786189079285
is_words,10,2,1.0166497230529785,0.38812223076820374
is_words,10,3,1.0989832878112793,0.43999728560447693
is_words,10,4,0.5938055515289307,0.36134886741638184
is_words,10,5,0.9437406659126282,0.5584063529968262
is_words,10,6,0.5872715711593628,0.34219470620155334
is_words,10,7,1.518979787826538,0.15448421239852905
is_words,10,8,0.6809422373771667,0.46443408727645874
is_words,10,9,1.0413631200790405,0.5057733058929443
is_words,10,10,0.8320907950401306,0.39574527740478516
is_words,10,11,0.620257556438446,0.40584704279899597
is_words,11,0,0.051247138530015945,0.0066576069220900536
is_words,11,1,0.4455503523349762,0.09853275865316391
is_words,11,2,0.019545305520296097,0.025567777454853058
is_words,11,3,0.5759252309799194,0.12084774672985077
is_words,11,4,0.00979098305106163,0.0034454260021448135
is_words,11,5,0.10819493979215622,0.0363503023982048
is_words,11,6,0.09029534459114075,0.40307170152664185
is_words,11,7,0.07869768887758255,0.13981403410434723
is_words,11,8,0.03317272290587425,0.013117793947458267
is_words,11,9,0.2699568271636963,0.4355162978172302
is_words,11,10,0.1334368735551834,0.023964550346136093
is_words,11,11,0.09377212822437286,0.03101690672338009
not_is_words,0,0,0.8938910961151123,1.019277572631836
not_is_words,0,1,1.2204244136810303,1.0435665845870972
not_is_words,0,2,0.9135879874229431,1.0409637689590454
not_is_words,0,3,1.2870036363601685,1.0371689796447754
not_is_words,0,4,1.3577203750610352,1.0832158327102661
not_is_words,0,5,0.4729197919368744,0.8802654147148132
not_is_words,0,6,0.5215098857879639,0.9562788009643555
not_is_words,0,7,0.9165759086608887,0.9813705086708069
not_is_words,0,8,0.8111923336982727,0.9027467370033264
not_is_words,0,9,0.5831884741783142,1.0152572393417358
not_is_words,0,10,1.2199183702468872,1.1576056480407715
not_is_words,0,11,1.0736711025238037,1.0170655250549316
not_is_words,1,0,0.32500535249710083,0.875501275062561
not_is_words,1,1,0.5124413967132568,0.7506660223007202
not_is_words,1,2,0.8065551519393921,1.0041557550430298
not_is_words,1,3,0.2283470779657364,0.48603758215904236
not_is_words,1,4,0.3303353786468506,0.6358469128608704
not_is_words,1,5,0.6731750965118408,0.41934049129486084
not_is_words,1,6,0.33902499079704285,0.5030016303062439
not_is_words,1,7,0.7208064198493958,0.6712210178375244
not_is_words,1,8,0.727469801902771,0.49076607823371887
not_is_words,1,9,0.16051766276359558,0.21116259694099426
not_is_words,1,10,0.15966366231441498,0.4868711233139038
not_is_words,1,11,0.5772753357887268,0.7485410571098328
not_is_words,2,0,0.1573520004749298,0.3587276339530945
not_is_words,2,1,0.752513587474823,0.6276291012763977
not_is_words,2,2,0.17404785752296448,0.17341431975364685
not_is_words,2,3,0.4076445698738098,0.6062686443328857
not_is_words,2,4,0.853155255317688,0.5272598266601562
not_is_words,2,5,0.6137624979019165,0.4974849224090576
not_is_words,2,6,0.4119666516780853,0.6336344480514526
not_is_words,2,7,0.44493964314460754,0.4750595986843109
not_is_words,2,8,0.7402516007423401,0.7838663458824158
not_is_words,2,9,0.6711078882217407,0.6298272013664246
not_is_words,2,10,0.7477892637252808,0.5169450044631958
not_is_words,2,11,0.25712040066719055,0.3029286861419678
not_is_words,3,0,0.4965299963951111,0.49754926562309265
not_is_words,3,1,0.3434995710849762,0.4164391756057739
not_is_words,3,2,1.013857364654541,0.7167552709579468
not_is_words,3,3,0.9162570238113403,0.7213436365127563
not_is_words,3,4,0.38818174600601196,0.44764959812164307
not_is_words,3,5,0.3319861590862274,0.684515655040741
not_is_words,3,6,0.6429145932197571,0.6569828987121582
not_is_words,3,7,0.5299604535102844,0.3870049715042114
not_is_words,3,8,0.5114981532096863,0.7000212669372559
not_is_words,3,9,0.4015999436378479,0.8207325339317322
not_is_words,3,10,0.15722006559371948,0.4024569094181061
not_is_words,3,11,0.8490681052207947,1.2470967769622803
not_is_words,4,0,0.9906030893325806,0.6159380078315735
not_is_words,4,1,2.074838876724243,1.2004631757736206
not_is_words,4,2,0.5300633907318115,0.6885432600975037
not_is_words,4,3,0.3784053325653076,0.6425323486328125
not_is_words,4,4,0.5006927251815796,0.4121951162815094
not_is_words,4,5,1.0892494916915894,0.5477441549301147
not_is_words,4,6,0.21092863380908966,0.5889379382133484
not_is_words,4,7,0.6950191259384155,0.519832193851471
not_is_words,4,8,1.511508822441101,0.9499889016151428
not_is_words,4,9,3.1241378784179688,1.19357168674469
not_is_words,4,10,1.2524986267089844,0.7552937269210815
not_is_words,4,11,1.0778326988220215,0.6033976078033447
not_is_words,5,0,0.3686346113681793,0.5725194215774536
not_is_words,5,1,0.6565032005310059,0.8982942700386047
not_is_words,5,2,0.25556105375289917,0.47638583183288574
not_is_words,5,3,0.6740025877952576,0.6594828367233276
not_is_words,5,4,2.1160695552825928,0.7914606928825378
not_is_words,5,5,0.3073689341545105,0.8670223355293274
not_is_words,5,6,0.3215084373950958,0.4387655556201935
not_is_words,5,7,0.7060615420341492,0.8266304135322571
not_is_words,5,8,0.385681688785553,0.5583176016807556
not_is_words,5,9,0.42548277974128723,0.7100129127502441
not_is_words,5,10,1.1205666065216064,0.7508522868156433
not_is_words,5,11,0.9004940390586853,0.6980418562889099
not_is_words,6,0,1.659722089767456,0.42129984498023987
not_is_words,6,1,4.6826372146606445,0.46225008368492126
not_is_words,6,2,1.1940057277679443,0.40914231538772583
not_is_words,6,3,0.8332719802856445,0.5492299795150757
not_is_words,6,4,0.48684409260749817,0.6948709487915039
not_is_words,6,5,0.5255964398384094,0.4587637186050415
not_is_words,6,6,0.3711189329624176,0.45337995886802673
not_is_words,6,7,0.576165497303009,0.5322847962379456
not_is_words,6,8,2.8080713748931885,0.47321009635925293
not_is_words,6,9,1.1441538333892822,0.31394773721694946
not_is_words,6,10,0.7309382557868958,0.6086332201957703
not_is_words,6,11,2.7796621322631836,0.5833609104156494
not_is_words,7,0,1.4356862306594849,0.5848903656005859
not_is_words,7,1,0.8123804926872253,0.6368386149406433
not_is_words,7,2,1.07541024684906,0.29954516887664795
not_is_words,7,3,0.3826787769794464,0.3384958803653717
not_is_words,7,4,0.4579108655452728,0.3577181398868561
not_is_words,7,5,1.061267614364624,0.5732535123825073
not_is_words,7,6,0.7310275435447693,0.9198919534683228
not_is_words,7,7,0.6885914206504822,0.17180347442626953
not_is_words,7,8,1.1000899076461792,1.0016729831695557
not_is_words,7,9,0.8179624676704407,0.3635057508945465
not_is_words,7,10,0.5106990933418274,0.3475164473056793
not_is_words,7,11,0.6277643442153931,0.5906606912612915
not_is_words,8,0,0.6742326617240906,0.6245554089546204
not_is_words,8,1,0.8180537223815918,0.5337198972702026
not_is_words,8,2,0.7112738490104675,0.3687102794647217
not_is_words,8,3,0.5525743961334229,0.4096332788467407
not_is_words,8,4,0.9985338449478149,0.29157519340515137
not_is_words,8,5,1.5941829681396484,0.5295249819755554
not_is_words,8,6,1.6362680196762085,0.41842877864837646
not_is_words,8,7,1.1805368661880493,0.6795201897621155
not_is_words,8,8,0.472748339176178,0.18317636847496033
not_is_words,8,9,1.018649697303772,0.5932100415229797
not_is_words,8,10,0.6664890646934509,0.41739794611930847
not_is_words,8,11,0.9653224945068359,0.6023062467575073
not_is_words,9,0,0.6371473670005798,0.350938618183136
not_is_words,9,1,0.8054367303848267,0.5744873285293579
not_is_words,9,2,0.5162971615791321,0.4897863566875458
not_is_words,9,3,0.5484176874160767,0.27773791551589966
not_is_words,9,4,1.1660784482955933,0.42484205961227417
not_is_words,9,5,1.00546133518219,0.4759361147880554
not_is_words,9,6,0.7952342629432678,0.8869317770004272
not_is_words,9,7,0.8318700790405273,0.642661452293396
not_is_words,9,8,0.5345622897148132,0.4639955759048462
not_is_words,9,9,0.7173827290534973,0.6788092851638794
not_is_words,9,10,1.048790454864502,0.44473984837532043
not_is_words,9,11,0.9835387468338013,0.48692137002944946
not_is_words,10,0,1.2041494846343994,0.31519752740859985
not_is_words,10,1,0.9566369652748108,0.40856367349624634
not_is_words,10,2,1.1285353899002075,0.5014045834541321
not_is_words,10,3,1.389707088470459,0.3997341990470886
not_is_words,10,4,0.9655886292457581,0.4763147234916687
not_is_words,10,5,2.6510963439941406,0.7131246328353882
not_is_words,10,6,0.43639057874679565,0.39593324065208435
not_is_words,10,7,1.5503677129745483,0.2058008313179016
not_is_words,10,8,0.8746441006660461,0.5318617224693298
not_is_words,10,9,2.1927716732025146,0.6205970644950867
not_is_words,10,10,0.7432047724723816,0.4343467354774475
not_is_words,10,11,0.7404296398162842,0.502373218536377
not_is_words,11,0,0.1676725149154663,0.010148377157747746
not_is_words,11,1,0.6755030751228333,0.11903341859579086
not_is_words,11,2,0.021941618993878365,0.03447381779551506
not_is_words,11,3,0.729852557182312,0.12752138078212738
not_is_words,11,4,0.012312442064285278,0.00635444326326251
not_is_words,11,5,0.2295304834842682,0.03793191909790039
not_is_words,11,6,0.1096576675772667,0.2338365614414215
not_is_words,11,7,0.13265302777290344,0.24694831669330597
not_is_words,11,8,0.04967402666807175,0.013104215264320374
not_is_words,11,9,0.3174472749233246,0.3956017792224884
not_is_words,11,10,0.11493979394435883,0.02107357233762741
not_is_words,11,11,0.14346306025981903,0.030677389353513718
