group,layer,head,enrichment_uid
seen,0,0,0.8689582347869873
seen,0,1,1.303340196609497
seen,0,2,1.010547399520874
seen,0,3,1.1493244171142578
seen,0,4,1.4230985641479492
seen,0,5,0.4758724272251129
seen,0,6,0.6086869239807129
seen,0,7,0.9656177163124084
seen,0,8,0.9021310806274414
seen,0,9,0.7699562311172485
seen,0,10,1.1989892721176147
seen,0,11,1.1027618646621704
seen,1,0,0.3304518461227417
seen,1,1,0.39599326252937317
seen,1,2,0.8034548759460449
seen,1,3,0.21444696187973022
seen,1,4,0.27019599080085754
seen,1,5,0.4809635877609253
seen,1,6,0.33008673787117004
seen,1,7,0.8127667307853699
seen,1,8,0.5825379490852356
seen,1,9,0.06963305920362473
seen,1,10,0.15999026596546173
seen,1,11,0.520683765411377
seen,2,0,0.22814418375492096
seen,2,1,0.5914247632026672
seen,2,2,0.08863980323076248
seen,2,3,0.5667632818222046
seen,2,4,0.5058745741844177
seen,2,5,0.6980627179145813
seen,2,6,0.2733513414859772
seen,2,7,0.5274500250816345
seen,2,8,0.8791502118110657
seen,2,9,0.5949631333351135
seen,2,10,0.4790237545967102
seen,2,11,0.32533615827560425
seen,3,0,0.321644127368927
seen,3,1,0.2825722098350525
seen,3,2,0.7654343247413635
seen,3,3,0.9608187675476074
seen,3,4,0.16212448477745056
seen,3,5,0.4033501148223877
seen,3,6,0.35968080163002014
seen,3,7,0.47106438875198364
seen,3,8,0.4975186288356781
seen,3,9,0.35614246129989624
seen,3,10,0.21306002140045166
seen,3,11,0.7563512921333313
seen,4,0,1.0569661855697632
seen,4,1,1.4635621309280396
seen,4,2,0.5358160734176636
seen,4,3,0.46075332164764404
seen,4,4,0.6844773888587952
seen,4,5,0.6230119466781616
seen,4,6,0.14831675589084625
seen,4,7,0.5461697578430176
seen,4,8,1.066809892654419
seen,4,9,1.4107487201690674
seen,4,10,1.1204861402511597
seen,4,11,0.8020122647285461
seen,5,0,0.46955814957618713
seen,5,1,0.772671103477478
seen,5,2,0.31853187084198
seen,5,3,0.6073757410049438
seen,5,4,1.568986177444458
seen,5,5,0.48385632038116455
seen,5,6,0.26716312766075134
seen,5,7,1.003075361251831
seen,5,8,0.4457665979862213
seen,5,9,0.5923526287078857
seen,5,10,0.892884373664856
seen,5,11,0.7241559624671936
seen,6,0,1.0698258876800537
seen,6,1,1.6698524951934814
seen,6,2,1.5045709609985352
seen,6,3,1.0194313526153564
seen,6,4,0.5965508222579956
seen,6,5,0.7121862769126892
seen,6,6,0.4837263226509094
seen,6,7,0.8468019962310791
seen,6,8,1.5710930824279785
seen,6,9,1.2663097381591797
seen,6,10,0.9777722954750061
seen,6,11,1.8684924840927124
seen,7,0,1.8699365854263306
seen,7,1,0.6532138586044312
seen,7,2,0.9618938565254211
seen,7,3,0.7137190699577332
seen,7,4,0.44217443466186523
seen,7,5,1.3521728515625
seen,7,6,0.8040372133255005
seen,7,7,0.542654812335968
seen,7,8,1.1017539501190186
seen,7,9,1.5545779466629028
seen,7,10,0.4481855034828186
seen,7,11,0.7090141177177429
seen,8,0,0.8476091623306274
seen,8,1,1.2586381435394287
seen,8,2,1.4464439153671265
seen,8,3,0.8042924404144287
seen,8,4,2.0413780212402344
seen,8,5,1.150585412979126
seen,8,6,1.8784303665161133
seen,8,7,1.0058146715164185
seen,8,8,0.6145710349082947
seen,8,9,1.108811616897583
seen,8,10,0.922913134098053
seen,8,11,1.8927288055419922
seen,9,0,0.72870934009552
seen,9,1,0.8326542973518372
seen,9,2,0.6463654637336731
seen,9,3,0.5592480897903442
seen,9,4,1.227280855178833
seen,9,5,0.9025430083274841
seen,9,6,0.7020489573478699
seen,9,7,0.625557005405426
seen,9,8,0.5521649718284607
seen,9,9,0.7641739249229431
seen,9,10,0.6963059902191162
seen,9,11,1.5374811887741089
seen,10,0,1.2757728099822998
seen,10,1,1.831939697265625
seen,10,2,1.1683664321899414
seen,10,3,1.3390599489212036
seen,10,4,1.4403481483459473
seen,10,5,3.3386518955230713
seen,10,6,1.2749377489089966
seen,10,7,1.0049041509628296
seen,10,8,0.9439963698387146
seen,10,9,2.8011748790740967
seen,10,10,0.8697013258934021
seen,10,11,0.7633556127548218
seen,11,0,0.3810533285140991
seen,11,1,0.818206250667572
seen,11,2,0.1300709843635559
seen,11,3,1.4755851030349731
seen,11,4,0.03815620765089989
seen,11,5,0.8908315896987915
seen,11,6,0.2313164323568344
seen,11,7,0.534400463104248
seen,11,8,0.2488766461610794
seen,11,9,0.3455478549003601
seen,11,10,0.4629128873348236
seen,11,11,0.25484055280685425
unseen,0,0,0.8311529755592346
unseen,0,1,1.260573387145996
unseen,0,2,0.9838020205497742
unseen,0,3,1.2377952337265015
unseen,0,4,1.307891845703125
unseen,0,5,0.5265634059906006
unseen,0,6,0.6462411880493164
unseen,0,7,0.9625695943832397
unseen,0,8,0.8699218034744263
unseen,0,9,0.7901989817619324
unseen,0,10,1.217329978942871
unseen,0,11,1.0885742902755737
unseen,1,0,0.3830525577068329
unseen,1,1,0.44420745968818665
unseen,1,2,0.8029453754425049
unseen,1,3,0.16418586671352386
unseen,1,4,0.1923941969871521
unseen,1,5,0.35107970237731934
unseen,1,6,0.2825585603713989
unseen,1,7,0.8076735734939575
unseen,1,8,0.5618699193000793
unseen,1,9,0.07403691858053207
unseen,1,10,0.17018269002437592
unseen,1,11,0.4368392527103424
unseen,2,0,0.19028474390506744
unseen,2,1,0.5986253619194031
unseen,2,2,0.07315883785486221
unseen,2,3,0.4629913568496704
unseen,2,4,0.45062968134880066
unseen,2,5,0.6864654421806335
unseen,2,6,0.23649337887763977
unseen,2,7,0.5220945477485657
unseen,2,8,0.7565494775772095
unseen,2,9,0.6602231860160828
unseen,2,10,0.3929399251937866
unseen,2,11,0.30525240302085876
unseen,3,0,0.16758950054645538
unseen,3,1,0.2541256248950958
unseen,3,2,0.832834005355835
unseen,3,3,0.8478437066078186
unseen,3,4,0.11116663366556168
unseen,3,5,0.29952433705329895
unseen,3,6,0.4028792679309845
unseen,3,7,0.5069392919540405
unseen,3,8,0.3407396674156189
unseen,3,9,0.44313353300094604
unseen,3,10,0.21674132347106934
unseen,3,11,0.7091535329818726
unseen,4,0,1.1455923318862915
unseen,4,1,1.2385255098342896
unseen,4,2,0.5526586771011353
unseen,4,3,0.5304458737373352
unseen,4,4,0.8734742999076843
unseen,4,5,0.5245187282562256
unseen,4,6,0.10854355245828629
unseen,4,7,0.4784305989742279
unseen,4,8,0.9612166881561279
unseen,4,9,0.9844828248023987
unseen,4,10,1.1705951690673828
unseen,4,11,0.9263131618499756
unseen,5,0,0.5148875713348389
unseen,5,1,0.8784056901931763
unseen,5,2,0.24621690809726715
unseen,5,3,0.611457109451294
unseen,5,4,1.527703881263733
unseen,5,5,0.3997085690498352
unseen,5,6,0.184250146150589
unseen,5,7,0.9646511077880859
unseen,5,8,0.5862326622009277
unseen,5,9,0.43217137455940247
unseen,5,10,1.2753268480300903
unseen,5,11,0.6394299864768982
unseen,6,0,0.8526893854141235
unseen,6,1,1.1992701292037964
unseen,6,2,0.6452862620353699
unseen,6,3,1.0920215845108032
unseen,6,4,0.7205509543418884
unseen,6,5,1.0897477865219116
unseen,6,6,0.6264986991882324
unseen,6,7,0.8545713424682617
unseen,6,8,1.2153098583221436
unseen,6,9,0.825690746307373
unseen,6,10,0.8333691954612732
unseen,6,11,1.4069150686264038
unseen,7,0,1.5346832275390625
unseen,7,1,0.7613653540611267
unseen,7,2,0.9286035299301147
unseen,7,3,0.7614473104476929
unseen,7,4,0.3101750910282135
unseen,7,5,1.2979605197906494
unseen,7,6,0.8134418725967407
unseen,7,7,0.40849706530570984
unseen,7,8,1.0509531497955322
unseen,7,9,0.8564768433570862
unseen,7,10,0.5059573650360107
unseen,7,11,0.7052161693572998
unseen,8,0,0.8209446668624878
unseen,8,1,1.026551604270935
unseen,8,2,1.3201581239700317
unseen,8,3,0.8152753710746765
unseen,8,4,1.5802503824234009
unseen,8,5,1.0360190868377686
unseen,8,6,1.8175145387649536
unseen,8,7,1.0562701225280762
unseen,8,8,0.47671008110046387
unseen,8,9,1.065178394317627
unseen,8,10,0.9997708201408386
unseen,8,11,2.293219566345215
unseen,9,0,0.5387096405029297
unseen,9,1,0.7095454931259155
unseen,9,2,0.5872132182121277
unseen,9,3,0.39225029945373535
unseen,9,4,0.8872857093811035
unseen,9,5,0.6212141513824463
unseen,9,6,0.6073476672172546
unseen,9,7,0.4573717415332794
unseen,9,8,0.4182802438735962
unseen,9,9,0.6619684100151062
unseen,9,10,0.43042004108428955
unseen,9,11,1.3938779830932617
unseen,10,0,0.9447934627532959
unseen,10,1,0.7404976487159729
unseen,10,2,0.8942773342132568
unseen,10,3,1.0194140672683716
unseen,10,4,0.9689630270004272
unseen,10,5,1.499281883239746
unseen,10,6,0.8103548884391785
unseen,10,7,0.8429198861122131
unseen,10,8,0.7660639882087708
unseen,10,9,1.1022223234176636
unseen,10,10,0.8892792463302612
unseen,10,11,0.5613410472869873
unseen,11,0,0.4430573582649231
unseen,11,1,0.8390684127807617
unseen,11,2,0.08155672997236252
unseen,11,3,0.8287844061851501
unseen,11,4,0.058930352330207825
unseen,11,5,0.6750347018241882
unseen,11,6,0.24459803104400635
unseen,11,7,0.1487116664648056
unseen,11,8,0.2673743963241577
unseen,11,9,0.26255226135253906
unseen,11,10,0.24845105409622192
unseen,11,11,0.28575050830841064
seen_own_id,0,0,0.8745579123497009
seen_own_id,0,1,1.3034710884094238
seen_own_id,0,2,1.0115772485733032
seen_own_id,0,3,1.1287848949432373
seen_own_id,0,4,1.4370027780532837
seen_own_id,0,5,0.46977707743644714
seen_own_id,0,6,0.6041629314422607
seen_own_id,0,7,0.9672194719314575
seen_own_id,0,8,0.9107128977775574
seen_own_id,0,9,0.7714752554893494
seen_own_id,0,10,1.1873260736465454
seen_own_id,0,11,1.1059805154800415
seen_own_id,1,0,0.3261166214942932
seen_own_id,1,1,0.3914017081260681
seen_own_id,1,2,0.8035259246826172
seen_own_id,1,3,0.22136430442333221
seen_own_id,1,4,0.28039249777793884
seen_own_id,1,5,0.493971586227417
seen_own_id,1,6,0.336338073015213
seen_own_id,1,7,0.8140175938606262
seen_own_id,1,8,0.5819578170776367
seen_own_id,1,9,0.06853020936250687
seen_own_id,1,10,0.1587028056383133
seen_own_id,1,11,0.5264816880226135
seen_own_id,2,0,0.23138391971588135
seen_own_id,2,1,0.5918964743614197
seen_own_id,2,2,0.09073525667190552
seen_own_id,2,3,0.5814211964607239
seen_own_id,2,4,0.5093011260032654
seen_own_id,2,5,0.6937618851661682
seen_own_id,2,6,0.27784082293510437
seen_own_id,2,7,0.5309486389160156
seen_own_id,2,8,0.8935672640800476
seen_own_id,2,9,0.5825592279434204
seen_own_id,2,10,0.48394349217414856
seen_own_id,2,11,0.3263917565345764
seen_own_id,3,0,0.3415449261665344
seen_own_id,3,1,0.2829454839229584
seen_own_id,3,2,0.7345741987228394
seen_own_id,3,3,0.9603476524353027
seen_own_id,3,4,0.16957037150859833
seen_own_id,3,5,0.4162055253982544
seen_own_id,3,6,0.3534240126609802
seen_own_id,3,7,0.46248170733451843
seen_own_id,3,8,0.515364944934845
seen_own_id,3,9,0.34237217903137207
seen_own_id,3,10,0.20939983427524567
seen_own_id,3,11,0.7438088655471802
seen_own_id,4,0,1.0477542877197266
seen_own_id,4,1,1.4790716171264648
seen_own_id,4,2,0.5334103107452393
seen_own_id,4,3,0.44761401414871216
seen_own_id,4,4,0.6538140177726746
seen_own_id,4,5,0.6272192001342773
seen_own_id,4,6,0.1543743908405304
seen_own_id,4,7,0.557002067565918
seen_own_id,4,8,1.07882821559906
seen_own_id,4,9,1.4583889245986938
seen_own_id,4,10,1.097151279449463
seen_own_id,4,11,0.7851047515869141
seen_own_id,5,0,0.46024858951568604
seen_own_id,5,1,0.7536044716835022
seen_own_id,5,2,0.3291263282299042
seen_own_id,5,3,0.6061128377914429
seen_own_id,5,4,1.5444966554641724
seen_own_id,5,5,0.4945002794265747
seen_own_id,5,6,0.2781948745250702
seen_own_id,5,7,1.004352331161499
seen_own_id,5,8,0.4210367500782013
seen_own_id,5,9,0.610701322555542
seen_own_id,5,10,0.8067434430122375
seen_own_id,5,11,0.720277726650238
seen_own_id,6,0,1.0635119676589966
seen_own_id,6,1,1.7245110273361206
seen_own_id,6,2,1.6329914331436157
seen_own_id,6,3,1.005179524421692
seen_own_id,6,4,0.5756382942199707
seen_own_id,6,5,0.6456975340843201
seen_own_id,6,6,0.46074947714805603
seen_own_id,6,7,0.8449664115905762
seen_own_id,6,8,1.5991536378860474
seen_own_id,6,9,1.315272569656372
seen_own_id,6,10,0.9915282726287842
seen_own_id,6,11,1.9186731576919556
seen_own_id,7,0,1.9246901273727417
seen_own_id,7,1,0.6383078694343567
seen_own_id,7,2,0.9583944082260132
seen_own_id,7,3,0.6947209239006042
seen_own_id,7,4,0.46118396520614624
seen_own_id,7,5,1.3597285747528076
seen_own_id,7,6,0.8024381399154663
seen_own_id,7,7,0.5647384524345398
seen_own_id,7,8,1.1099212169647217
seen_own_id,7,9,1.6430797576904297
seen_own_id,7,10,0.4400021731853485
seen_own_id,7,11,0.7100831866264343
seen_own_id,8,0,0.8508867621421814
seen_own_id,8,1,1.2963682413101196
seen_own_id,8,2,1.439332365989685
seen_own_id,8,3,0.8012582063674927
seen_own_id,8,4,2.085777759552002
seen_own_id,8,5,1.155529499053955
seen_own_id,8,6,1.8417538404464722
seen_own_id,8,7,1.0028365850448608
seen_own_id,8,8,0.6351804137229919
seen_own_id,8,9,1.1133856773376465
seen_own_id,8,10,0.9110208749771118
seen_own_id,8,11,1.8131334781646729
seen_own_id,9,0,0.7508637309074402
seen_own_id,9,1,0.8512593507766724
seen_own_id,9,2,0.6572245359420776
seen_own_id,9,3,0.5833940505981445
seen_own_id,9,4,1.2751152515411377
seen_own_id,9,5,0.9440690279006958
seen_own_id,9,6,0.7116901278495789
seen_own_id,9,7,0.6506264805793762
seen_own_id,9,8,0.5720983743667603
seen_own_id,9,9,0.7780476212501526
seen_own_id,9,10,0.7352645397186279
seen_own_id,9,11,1.5334560871124268
seen_own_id,10,0,1.3203469514846802
seen_own_id,10,1,2.0025596618652344
seen_own_id,10,2,1.2115989923477173
seen_own_id,10,3,1.3774093389511108
seen_own_id,10,4,1.4969098567962646
seen_own_id,10,5,3.628101110458374
seen_own_id,10,6,1.3589202165603638
seen_own_id,10,7,1.0198475122451782
seen_own_id,10,8,0.9679566621780396
seen_own_id,10,9,3.0548689365386963
seen_own_id,10,10,0.8647156357765198
seen_own_id,10,11,0.7912856340408325
seen_own_id,11,0,0.36811965703964233
seen_own_id,11,1,0.8069828748703003
seen_own_id,11,2,0.13559408485889435
seen_own_id,11,3,1.5556904077529907
seen_own_id,11,4,0.032416172325611115
seen_own_id,11,5,0.9161828756332397
seen_own_id,11,6,0.22861741483211517
seen_own_id,11,7,0.5853114724159241
seen_own_id,11,8,0.2435339242219925
seen_own_id,11,9,0.35976114869117737
seen_own_id,11,10,0.49435171484947205
seen_own_id,11,11,0.2481047660112381
seen_unknown,0,0,0.8319737315177917
seen_unknown,0,1,1.3024770021438599
seen_unknown,0,2,1.0037449598312378
seen_unknown,0,3,1.2849749326705933
seen_unknown,0,4,1.3312703371047974
seen_unknown,0,5,0.5161279439926147
seen_unknown,0,6,0.6385659575462341
seen_unknown,0,7,0.9550392031669617
seen_unknown,0,8,0.8454525470733643
seen_unknown,0,9,0.7599208950996399
seen_unknown,0,10,1.2760157585144043
seen_unknown,0,11,1.0815013647079468
seen_unknown,1,0,0.35908299684524536
seen_unknown,1,1,0.4263171851634979
seen_unknown,1,2,0.8029842972755432
seen_unknown,1,3,0.16876175999641418
seen_unknown,1,4,0.20285342633724213
seen_unknown,1,5,0.39505425095558167
seen_unknown,1,6,0.28880059719085693
seen_unknown,1,7,0.8045067191123962
seen_unknown,1,8,0.5863677859306335
seen_unknown,1,9,0.07691679149866104
seen_unknown,1,10,0.16849301755428314
seen_unknown,1,11,0.48239126801490784
seen_unknown,2,0,0.20674777030944824
seen_unknown,2,1,0.5883122682571411
seen_unknown,2,2,0.07480085641145706
seen_unknown,2,3,0.46995747089385986
seen_unknown,2,4,0.4832438826560974
seen_unknown,2,5,0.7264665961265564
seen_unknown,2,6,0.24370141327381134
seen_unknown,2,7,0.5043458342552185
seen_unknown,2,8,0.7839382886886597
seen_unknown,2,9,0.676883339881897
seen_unknown,2,10,0.4465336501598358
seen_unknown,2,11,0.31836527585983276
seen_unknown,3,0,0.19021116197109222
seen_unknown,3,1,0.2801067531108856
seen_unknown,3,2,0.9692468047142029
seen_unknown,3,3,0.9639295935630798
seen_unknown,3,4,0.11294884979724884
seen_unknown,3,5,0.318448007106781
seen_unknown,3,6,0.4010031223297119
seen_unknown,3,7,0.5277485847473145
seen_unknown,3,8,0.3796543478965759
seen_unknown,3,9,0.4470866620540619
seen_unknown,3,10,0.2372329831123352
seen_unknown,3,11,0.8391861319541931
seen_unknown,4,0,1.1178072690963745
seen_unknown,4,1,1.361128330230713
seen_unknown,4,2,0.5517039895057678
seen_unknown,4,3,0.5475308895111084
seen_unknown,4,4,0.8869893550872803
seen_unknown,4,5,0.5952247381210327
seen_unknown,4,6,0.10830968618392944
seen_unknown,4,7,0.4746289849281311
seen_unknown,4,8,0.9874341487884521
seen_unknown,4,9,1.0961170196533203
seen_unknown,4,10,1.2745940685272217
seen_unknown,4,11,0.9136744737625122
seen_unknown,5,0,0.5310428738594055
seen_unknown,5,1,0.8985925912857056
seen_unknown,5,2,0.2485622763633728
seen_unknown,5,3,0.6157169342041016
seen_unknown,5,4,1.73072350025177
seen_unknown,5,5,0.41355884075164795
seen_unknown,5,6,0.19430483877658844
seen_unknown,5,7,0.9946398138999939
seen_unknown,5,8,0.6090933084487915
seen_unknown,5,9,0.47117161750793457
seen_unknown,5,10,1.4617886543273926
seen_unknown,5,11,0.7497674226760864
seen_unknown,6,0,1.111526370048523
seen_unknown,6,1,1.308858871459961
seen_unknown,6,2,0.6564294695854187
seen_unknown,6,3,1.1135534048080444
seen_unknown,6,4,0.7346649169921875
seen_unknown,6,5,1.1513051986694336
seen_unknown,6,6,0.6354732513427734
seen_unknown,6,7,0.8589256405830383
seen_unknown,6,8,1.385766863822937
seen_unknown,6,9,0.9429366588592529
seen_unknown,6,10,0.8869202733039856
seen_unknown,6,11,1.537078857421875
seen_unknown,7,0,1.5083259344100952
seen_unknown,7,1,0.7516605854034424
seen_unknown,7,2,0.985007643699646
seen_unknown,7,3,0.839192807674408
seen_unknown,7,4,0.31662681698799133
seen_unknown,7,5,1.30227530002594
seen_unknown,7,6,0.814599335193634
seen_unknown,7,7,0.39680540561676025
seen_unknown,7,8,1.0478202104568481
seen_unknown,7,9,0.9700775742530823
seen_unknown,7,10,0.5022307634353638
seen_unknown,7,11,0.7019554376602173
seen_unknown,8,0,0.8259644508361816
seen_unknown,8,1,1.0094588994979858
seen_unknown,8,2,1.4934117794036865
seen_unknown,8,3,0.8243348002433777
seen_unknown,8,4,1.748140811920166
seen_unknown,8,5,1.1179314851760864
seen_unknown,8,6,2.1206507682800293
seen_unknown,8,7,1.0254842042922974
seen_unknown,8,8,0.47845977544784546
seen_unknown,8,9,1.0786038637161255
seen_unknown,8,10,1.0014495849609375
seen_unknown,8,11,2.4184067249298096
seen_unknown,9,0,0.5823920369148254
seen_unknown,9,1,0.7097809314727783
seen_unknown,9,2,0.5746474862098694
seen_unknown,9,3,0.3997787535190582
seen_unknown,9,4,0.9113649725914001
seen_unknown,9,5,0.6282851099967957
seen_unknown,9,6,0.6383746862411499
seen_unknown,9,7,0.45998796820640564
seen_unknown,9,8,0.42051541805267334
seen_unknown,9,9,0.6725482940673828
seen_unknown,9,10,0.4390091598033905
seen_unknown,9,11,1.5640666484832764
seen_unknown,10,0,0.981390118598938
seen_unknown,10,1,0.7051007747650146
seen_unknown,10,2,0.882844090461731
seen_unknown,10,3,1.0857875347137451
seen_unknown,10,4,1.066789984703064
seen_unknown,10,5,1.4270076751708984
seen_unknown,10,6,0.7202869653701782
seen_unknown,10,7,0.9062091112136841
seen_unknown,10,8,0.7857528328895569
seen_unknown,10,9,1.125680923461914
seen_unknown,10,10,0.9026282429695129
seen_unknown,10,11,0.5788936018943787
seen_unknown,11,0,0.46647414565086365
seen_unknown,11,1,0.8923302292823792
seen_unknown,11,2,0.09359413385391235
seen_unknown,11,3,0.946540355682373
seen_unknown,11,4,0.07606562227010727
seen_unknown,11,5,0.7234051823616028
seen_unknown,11,6,0.24914196133613586
seen_unknown,11,7,0.19816330075263977
seen_unknown,11,8,0.28416207432746887
seen_unknown,11,9,0.25167739391326904
seen_unknown,11,10,0.25527966022491455
seen_unknown,11,11,0.2993268370628357
is_words,0,0,0.8534983396530151
is_words,0,1,1.218611240386963
is_words,0,2,0.9791913628578186
is_words,0,3,1.0385688543319702
is_words,0,4,1.3423537015914917
is_words,0,5,0.5249115824699402
is_words,0,6,0.6519832611083984
is_words,0,7,0.944828987121582
is_words,0,8,0.9748700261116028
is_words,0,9,0.8441200852394104
is_words,0,10,1.0324965715408325
is_words,0,11,1.1071962118148804
is_words,1,0,0.41526317596435547
is_words,1,1,0.4515394866466522
is_words,1,2,0.801910936832428
is_words,1,3,0.18331873416900635
is_words,1,4,0.18624639511108398
is_words,1,5,0.2771424949169159
is_words,1,6,0.31761276721954346
is_words,1,7,0.9295210838317871
is_words,1,8,0.5676102638244629
is_words,1,9,0.046882208436727524
is_words,1,10,0.16888563334941864
is_words,1,11,0.3517020344734192
is_words,2,0,0.18080540001392365
is_words,2,1,0.6159605383872986
is_words,2,2,0.05789981037378311
is_words,2,3,0.48377248644828796
is_words,2,4,0.2237720936536789
is_words,2,5,0.5246570110321045
is_words,2,6,0.16047357022762299
is_words,2,7,0.5404873490333557
is_words,2,8,0.7629611492156982
is_words,2,9,0.6312671899795532
is_words,2,10,0.2932860255241394
is_words,2,11,0.25674766302108765
is_words,3,0,0.15218909084796906
is_words,3,1,0.22691674530506134
is_words,3,2,0.5306633710861206
is_words,3,3,0.6729722023010254
is_words,3,4,0.05674784258008003
is_words,3,5,0.3138677477836609
is_words,3,6,0.3838379979133606
is_words,3,7,0.41838109493255615
is_words,3,8,0.2544443905353546
is_words,3,9,0.39834660291671753
is_words,3,10,0.15422868728637695
is_words,3,11,0.37549322843551636
is_words,4,0,1.1576896905899048
is_words,4,1,1.0370848178863525
is_words,4,2,0.5546454787254333
is_words,4,3,0.4983951449394226
is_words,4,4,0.8063057661056519
is_words,4,5,0.41491708159446716
is_words,4,6,0.08384821563959122
is_words,4,7,0.5357056260108948
is_words,4,8,0.9347802400588989
is_words,4,9,0.8348974585533142
is_words,4,10,1.0148273706436157
is_words,4,11,0.9576771855354309
is_words,5,0,0.47695279121398926
is_words,5,1,0.798565685749054
is_words,5,2,0.24112814664840698
is_words,5,3,0.6154916286468506
is_words,5,4,1.214307188987732
is_words,5,5,0.2657660245895386
is_words,5,6,0.0709586814045906
is_words,5,7,1.057361364364624
is_words,5,8,0.49445194005966187
is_words,5,9,0.42992883920669556
is_words,5,10,0.7638946771621704
is_words,5,11,0.33356496691703796
is_words,6,0,0.6368595361709595
is_words,6,1,0.8152114152908325
is_words,6,2,0.46832460165023804
is_words,6,3,1.00569748878479
is_words,6,4,0.6291188597679138
is_words,6,5,0.8849589228630066
is_words,6,6,0.5339891910552979
is_words,6,7,0.7394182682037354
is_words,6,8,0.9255099892616272
is_words,6,9,0.7325262427330017
is_words,6,10,0.6951583623886108
is_words,6,11,0.9545060396194458
is_words,7,0,1.7646018266677856
is_words,7,1,0.7066143751144409
is_words,7,2,0.6530418395996094
is_words,7,3,0.6187308430671692
is_words,7,4,0.3029756247997284
is_words,7,5,1.286766767501831
is_words,7,6,0.8089231252670288
is_words,7,7,0.4261343479156494
is_words,7,8,1.0819435119628906
is_words,7,9,0.7222111821174622
is_words,7,10,0.492803156375885
is_words,7,11,0.7351794242858887
is_words,8,0,0.8519935607910156
is_words,8,1,1.1638013124465942
is_words,8,2,1.1416410207748413
is_words,8,3,0.8535833954811096
is_words,8,4,1.3564409017562866
is_words,8,5,0.8671870231628418
is_words,8,6,1.5426982641220093
is_words,8,7,1.1691126823425293
is_words,8,8,0.5020482540130615
is_words,8,9,1.0580859184265137
is_words,8,10,1.0207449197769165
is_words,8,11,1.9553794860839844
is_words,9,0,0.5270107388496399
is_words,9,1,0.7373521327972412
is_words,9,2,0.6065706610679626
is_words,9,3,0.4265652000904083
is_words,9,4,0.9465442895889282
is_words,9,5,0.7040196657180786
is_words,9,6,0.5670474767684937
is_words,9,7,0.48087137937545776
is_words,9,8,0.4268221855163574
is_words,9,9,0.6736055016517639
is_words,9,10,0.47257909178733826
is_words,9,11,1.1013920307159424
is_words,10,0,1.0520914793014526
is_words,10,1,0.9299842715263367
is_words,10,2,0.9981215596199036
is_words,10,3,1.0039347410202026
is_words,10,4,0.8030243515968323
is_words,10,5,1.2022908926010132
is_words,10,6,0.9279698133468628
is_words,10,7,0.8624557852745056
is_words,10,8,0.7475857734680176
is_words,10,9,1.0579142570495605
is_words,10,10,0.8279580473899841
is_words,10,11,0.6187213063240051
is_words,11,0,0.23032210767269135
is_words,11,1,0.6699349284172058
is_words,11,2,0.08861169964075089
is_words,11,3,0.8037915825843811
is_words,11,4,0.04138849675655365
is_words,11,5,0.6087263226509094
is_words,11,6,0.22967574000358582
is_words,11,7,0.20236240327358246
is_words,11,8,0.1849033087491989
is_words,11,9,0.2677571475505829
is_words,11,10,0.28708815574645996
is_words,11,11,0.23734816908836365
not_is_words,0,0,0.8378197550773621
not_is_words,0,1,1.3456040620803833
not_is_words,0,2,1.0120495557785034
not_is_words,0,3,1.3915249109268188
not_is_words,0,4,1.366965651512146
not_is_words,0,5,0.4850001335144043
not_is_words,0,6,0.607422947883606
not_is_words,0,7,0.985627293586731
not_is_words,0,8,0.7765966057777405
not_is_words,0,9,0.7107018828392029
not_is_words,0,10,1.4146075248718262
not_is_words,0,11,1.0792797803878784
not_is_words,1,0,0.30082783102989197
not_is_words,1,1,0.3944140672683716
not_is_words,1,2,0.804574191570282
not_is_words,1,3,0.18523553013801575
not_is_words,1,4,0.2661934792995453
not_is_words,1,5,0.5476614236831665
not_is_words,1,6,0.28291645646095276
not_is_words,1,7,0.6716215014457703
not_is_words,1,8,0.5729768872261047
not_is_words,1,9,0.10155417770147324
not_is_words,1,10,0.16293735802173615
not_is_words,1,11,0.6068491339683533
not_is_words,2,0,0.23367314040660858
not_is_words,2,1,0.572472870349884
not_is_words,2,2,0.10401850193738937
not_is_words,2,3,0.5280267000198364
not_is_words,2,4,0.7594363689422607
not_is_words,2,5,0.8828805685043335
not_is_words,2,6,0.35570529103279114
not_is_words,2,7,0.5054904222488403
not_is_words,2,8,0.8542910218238831
not_is_words,2,9,0.6376330852508545
not_is_words,2,10,0.58160001039505
not_is_words,2,11,0.37837156653404236
not_is_words,3,0,0.3174385130405426
not_is_words,3,1,0.30987411737442017
not_is_words,3,2,1.1232646703720093
not_is_words,3,3,1.146243929862976
not_is_words,3,4,0.21757592260837555
not_is_words,3,5,0.37202462553977966
not_is_words,3,6,0.387780100107193
not_is_words,3,7,0.5782331824302673
not_is_words,3,8,0.5746250152587891
not_is_words,3,9,0.42015212774276733
not_is_words,3,10,0.2856252193450928
not_is_words,3,11,1.134141445159912
not_is_words,4,0,1.0556560754776
not_is_words,4,1,1.6636382341384888
not_is_words,4,2,0.5359260439872742
not_is_words,4,3,0.5076202750205994
not_is_words,4,4,0.7888162136077881
not_is_words,4,5,0.7352825999259949
not_is_words,4,6,0.17110811173915863
not_is_words,4,7,0.47051212191581726
not_is_words,4,8,1.0822296142578125
not_is_words,4,9,1.5223907232284546
not_is_words,4,10,1.307137370109558
not_is_words,4,11,0.7835817337036133
not_is_words,5,0,0.5197341442108154
not_is_words,5,1,0.8797472715377808
not_is_words,5,2,0.31409138441085815
not_is_words,5,3,0.6033071279525757
not_is_words,5,4,1.9242664575576782
not_is_words,5,5,0.6262223124504089
not_is_words,5,6,0.38590630888938904
not_is_words,5,7,0.890760064125061
not_is_words,5,8,0.5715531706809998
not_is_words,5,9,0.5721107125282288
not_is_words,5,10,1.5367658138275146
not_is_words,5,11,1.0645660161972046
not_is_words,6,0,1.2876083850860596
not_is_words,6,1,2.0453875064849854
not_is_words,6,2,1.586053729057312
not_is_words,6,3,1.129256010055542
not_is_words,6,4,0.7195892930030823
not_is_words,6,5,1.0019917488098145
not_is_words,6,6,0.6106809377670288
not_is_words,6,7,0.9806135892868042
not_is_words,6,8,1.854360580444336
not_is_words,6,9,1.3108831644058228
not_is_words,6,10,1.1164714097976685
not_is_words,6,11,2.324079990386963
not_is_words,7,0,1.5572013854980469
not_is_words,7,1,0.7317218780517578
not_is_words,7,2,1.2747116088867188
not_is_words,7,3,0.884989321231842
not_is_words,7,4,0.4316607117652893
not_is_words,7,5,1.3573479652404785
not_is_words,7,6,0.8105850219726562
not_is_words,7,7,0.5032112002372742
not_is_words,7,8,1.0588008165359497
not_is_words,7,9,1.609826922416687
not_is_words,7,10,0.4715767502784729
not_is_words,7,11,0.6739431023597717
not_is_words,8,0,0.8080286383628845
not_is_words,8,1,1.067397952079773
not_is_words,8,2,1.6341744661331177
not_is_words,8,3,0.7617114782333374
not_is_words,8,4,2.2335853576660156
not_is_words,8,5,1.3288240432739258
not_is_words,8,6,2.186453104019165
not_is_words,8,7,0.8829625248908997
not_is_words,8,8,0.5657250285148621
not_is_words,8,9,1.1107665300369263
not_is_words,8,10,0.9096946120262146
not_is_words,8,11,2.339134931564331
not_is_words,9,0,0.7151157259941101
not_is_words,9,1,0.7830656170845032
not_is_words,9,2,0.6156286597251892
not_is_words,9,3,0.4959043562412262
not_is_words,9,4,1.1105396747589111
not_is_words,9,5,0.7670263051986694
not_is_words,9,6,0.73499596118927
not_is_words,9,7,0.5745089054107666
not_is_words,9,8,0.5232420563697815
not_is_words,9,9,0.7361990213394165
not_is_words,9,10,0.6098315119743347
not_is_words,9,11,1.854085922241211
not_is_words,10,0,1.1049567461013794
not_is_words,10,1,1.4580391645431519
not_is_words,10,2,1.0096352100372314
not_is_words,10,3,1.3113479614257812
not_is_words,10,4,1.5644029378890991
not_is_words,10,5,3.418794870376587
not_is_words,10,6,1.0731920003890991
not_is_words,10,7,0.9593076109886169
not_is_words,10,8,0.9399346113204956
not_is_words,10,9,2.6101322174072266
not_is_words,10,10,0.9431588053703308
not_is_words,10,11,0.6684421896934509
not_is_words,11,0,0.6350488066673279
not_is_words,11,1,1.0160917043685913
not_is_words,11,2,0.11502733081579208
not_is_words,11,3,1.4122158288955688
not_is_words,11,4,0.06133212521672249
not_is_words,11,5,0.9364959001541138
not_is_words,11,6,0.25040581822395325
not_is_words,11,7,0.4176105558872223
not_is_words,11,8,0.3465538024902344
not_is_words,11,9,0.3277224600315094
not_is_words,11,10,0.3878256678581238
not_is_words,11,11,0.31502512097358704
