group,layer,head,enrichment_date
seen,0,0,1.0755735635757446
seen,0,1,1.076158046722412
seen,0,2,1.0170323848724365
seen,0,3,1.0618208646774292
seen,0,4,1.174911379814148
seen,0,5,0.8612741231918335
seen,0,6,0.7943703532218933
seen,0,7,0.9042595624923706
seen,0,8,0.9986212253570557
seen,0,9,0.9282696843147278
seen,0,10,1.0633668899536133
seen,0,11,1.035905122756958
seen,1,0,0.4530941843986511
seen,1,1,0.5082858800888062
seen,1,2,0.8944547176361084
seen,1,3,0.30162739753723145
seen,1,4,0.4562951326370239
seen,1,5,0.3062860369682312
seen,1,6,0.4252540171146393
seen,1,7,0.5302503108978271
seen,1,8,0.43817439675331116
seen,1,9,0.09750896692276001
seen,1,10,0.19744166731834412
seen,1,11,0.6985060572624207
seen,2,0,0.2893984913825989
seen,2,1,0.7508609294891357
seen,2,2,0.12964707612991333
seen,2,3,0.5148612856864929
seen,2,4,0.4417506754398346
seen,2,5,0.5796497464179993
seen,2,6,0.5551146864891052
seen,2,7,0.615799069404602
seen,2,8,0.7063816785812378
seen,2,9,0.44188451766967773
seen,2,10,0.3780573010444641
seen,2,11,0.29719147086143494
seen,3,0,0.5727720260620117
seen,3,1,0.4982161223888397
seen,3,2,0.5678986310958862
seen,3,3,0.636556088924408
seen,3,4,0.4142007529735565
seen,3,5,0.5782941579818726
seen,3,6,0.6068087220191956
seen,3,7,0.5671613216400146
seen,3,8,0.7488681077957153
seen,3,9,0.5503215193748474
seen,3,10,0.36335885524749756
seen,3,11,1.2774229049682617
seen,4,0,0.42903420329093933
seen,4,1,1.0542458295822144
seen,4,2,0.5872359275817871
seen,4,3,0.39018091559410095
seen,4,4,0.4502407908439636
seen,4,5,0.4648880660533905
seen,4,6,0.4199099540710449
seen,4,7,0.39693304896354675
seen,4,8,0.8038700819015503
seen,4,9,0.6751769781112671
seen,4,10,0.4245522916316986
seen,4,11,0.4480212330818176
seen,5,0,0.22493904829025269
seen,5,1,0.6365254521369934
seen,5,2,0.2486378252506256
seen,5,3,0.5919871926307678
seen,5,4,0.4314563274383545
seen,5,5,0.5366283059120178
seen,5,6,0.2514243423938751
seen,5,7,0.4244926869869232
seen,5,8,0.38663792610168457
seen,5,9,0.3871000409126282
seen,5,10,0.4431998133659363
seen,5,11,0.32767748832702637
seen,6,0,0.8572843074798584
seen,6,1,0.6579999327659607
seen,6,2,0.600383996963501
seen,6,3,0.7451686859130859
seen,6,4,0.6370721459388733
seen,6,5,0.7986040115356445
seen,6,6,0.5098171234130859
seen,6,7,0.5410287976264954
seen,6,8,0.9948580265045166
seen,6,9,0.6471047401428223
seen,6,10,0.9005225896835327
seen,6,11,0.6514638066291809
seen,7,0,1.0246055126190186
seen,7,1,0.7468698024749756
seen,7,2,0.5618249177932739
seen,7,3,0.7212825417518616
seen,7,4,0.43005067110061646
seen,7,5,0.7842168211936951
seen,7,6,0.8680870532989502
seen,7,7,0.3373190462589264
seen,7,8,0.9836583733558655
seen,7,9,0.4511212408542633
seen,7,10,0.4402708411216736
seen,7,11,0.5706135034561157
seen,8,0,0.6423416137695312
seen,8,1,0.4867297410964966
seen,8,2,0.44779840111732483
seen,8,3,0.5687363743782043
seen,8,4,0.25127872824668884
seen,8,5,0.40871381759643555
seen,8,6,0.9136487245559692
seen,8,7,0.9631974697113037
seen,8,8,0.16677998006343842
seen,8,9,0.9117679595947266
seen,8,10,0.5945213437080383
seen,8,11,0.9061253070831299
seen,9,0,0.3311724066734314
seen,9,1,0.584446132183075
seen,9,2,0.5460267663002014
seen,9,3,0.2213253676891327
seen,9,4,0.8857896327972412
seen,9,5,0.6593427062034607
seen,9,6,0.43153461813926697
seen,9,7,0.5677394270896912
seen,9,8,0.40970590710639954
seen,9,9,0.639344334602356
seen,9,10,0.27944543957710266
seen,9,11,0.4400883913040161
seen,10,0,0.34017300605773926
seen,10,1,0.2857726216316223
seen,10,2,0.4787811040878296
seen,10,3,0.3206697702407837
seen,10,4,0.9014143943786621
seen,10,5,0.6284337043762207
seen,10,6,0.15255053341388702
seen,10,7,0.14189031720161438
seen,10,8,0.49058541655540466
seen,10,9,0.6971225738525391
seen,10,10,0.17225579917430878
seen,10,11,0.5361934304237366
seen,11,0,0.01102642621845007
seen,11,1,0.236688494682312
seen,11,2,0.11511122435331345
seen,11,3,0.25949999690055847
seen,11,4,0.006453926209360361
seen,11,5,0.11734562367200851
seen,11,6,0.5883062481880188
seen,11,7,0.3183653652667999
seen,11,8,0.03120691329240799
seen,11,9,0.4784657061100006
seen,11,10,0.061333734542131424
seen,11,11,0.05919443070888519
unseen,0,0,1.0619977712631226
unseen,0,1,1.0637727975845337
unseen,0,2,1.0170717239379883
unseen,0,3,1.0527126789093018
unseen,0,4,1.1668879985809326
unseen,0,5,0.8587624430656433
unseen,0,6,0.7921099066734314
unseen,0,7,0.9053047895431519
unseen,0,8,1.0248109102249146
unseen,0,9,0.9293257594108582
unseen,0,10,1.045581340789795
unseen,0,11,1.044272780418396
unseen,1,0,0.4524160921573639
unseen,1,1,0.5135261416435242
unseen,1,2,0.8929112553596497
unseen,1,3,0.2857368588447571
unseen,1,4,0.4551532566547394
unseen,1,5,0.2901398241519928
unseen,1,6,0.3914351761341095
unseen,1,7,0.5078597664833069
unseen,1,8,0.4461185038089752
unseen,1,9,0.08531477302312851
unseen,1,10,0.19708657264709473
unseen,1,11,0.6801711320877075
unseen,2,0,0.2864026725292206
unseen,2,1,0.7353531122207642
unseen,2,2,0.13229252398014069
unseen,2,3,0.5091477036476135
unseen,2,4,0.43764328956604004
unseen,2,5,0.5786898136138916
unseen,2,6,0.5477939248085022
unseen,2,7,0.6118441820144653
unseen,2,8,0.6572341918945312
unseen,2,9,0.43533822894096375
unseen,2,10,0.364572137594223
unseen,2,11,0.29282277822494507
unseen,3,0,0.5545795559883118
unseen,3,1,0.4817850887775421
unseen,3,2,0.5223380923271179
unseen,3,3,0.6135403513908386
unseen,3,4,0.41941794753074646
unseen,3,5,0.5638379454612732
unseen,3,6,0.591261625289917
unseen,3,7,0.5627269744873047
unseen,3,8,0.7319028973579407
unseen,3,9,0.5353263020515442
unseen,3,10,0.3572102189064026
unseen,3,11,1.2333165407180786
unseen,4,0,0.4166851341724396
unseen,4,1,1.0080260038375854
unseen,4,2,0.5826003551483154
unseen,4,3,0.3790695071220398
unseen,4,4,0.4464680552482605
unseen,4,5,0.4646933972835541
unseen,4,6,0.42440807819366455
unseen,4,7,0.38913455605506897
unseen,4,8,0.7838418483734131
unseen,4,9,0.6247612237930298
unseen,4,10,0.42100790143013
unseen,4,11,0.43946897983551025
unseen,5,0,0.2243991196155548
unseen,5,1,0.6323843002319336
unseen,5,2,0.24278925359249115
unseen,5,3,0.5842560529708862
unseen,5,4,0.37382134795188904
unseen,5,5,0.5315766930580139
unseen,5,6,0.23953209817409515
unseen,5,7,0.4071607291698456
unseen,5,8,0.3809358775615692
unseen,5,9,0.3902062475681305
unseen,5,10,0.3629884123802185
unseen,5,11,0.2999889850616455
unseen,6,0,0.8087283968925476
unseen,6,1,0.6213325262069702
unseen,6,2,0.6306877136230469
unseen,6,3,0.7341060638427734
unseen,6,4,0.6280403733253479
unseen,6,5,0.8215159773826599
unseen,6,6,0.5081599354743958
unseen,6,7,0.5497341752052307
unseen,6,8,0.9551165103912354
unseen,6,9,0.6295782327651978
unseen,6,10,0.907914936542511
unseen,6,11,0.6489437222480774
unseen,7,0,1.0538746118545532
unseen,7,1,0.7747155427932739
unseen,7,2,0.5312770009040833
unseen,7,3,0.7055553793907166
unseen,7,4,0.4292815625667572
unseen,7,5,0.8029691576957703
unseen,7,6,0.867032527923584
unseen,7,7,0.3375464975833893
unseen,7,8,0.9829081892967224
unseen,7,9,0.4135996401309967
unseen,7,10,0.4520832598209381
unseen,7,11,0.5578972697257996
unseen,8,0,0.642682671546936
unseen,8,1,0.4790813624858856
unseen,8,2,0.43043139576911926
unseen,8,3,0.5870041251182556
unseen,8,4,0.2651536464691162
unseen,8,5,0.40582552552223206
unseen,8,6,0.9028598070144653
unseen,8,7,0.978458821773529
unseen,8,8,0.16849385201931
unseen,8,9,0.9240210652351379
unseen,8,10,0.5847928524017334
unseen,8,11,0.9052680730819702
unseen,9,0,0.3216397762298584
unseen,9,1,0.6013758778572083
unseen,9,2,0.540478527545929
unseen,9,3,0.2303803265094757
unseen,9,4,0.9266717433929443
unseen,9,5,0.6776721477508545
unseen,9,6,0.4412880539894104
unseen,9,7,0.5683358311653137
unseen,9,8,0.40914133191108704
unseen,9,9,0.6546093225479126
unseen,9,10,0.27369794249534607
unseen,9,11,0.42403849959373474
unseen,10,0,0.285074919462204
unseen,10,1,0.298116534948349
unseen,10,2,0.482891321182251
unseen,10,3,0.29689478874206543
unseen,10,4,0.958811342716217
unseen,10,5,0.6679755449295044
unseen,10,6,0.14023327827453613
unseen,10,7,0.1350448578596115
unseen,10,8,0.5253790020942688
unseen,10,9,0.7366660237312317
unseen,10,10,0.16176019608974457
unseen,10,11,0.5306479334831238
unseen,11,0,0.010518069379031658
unseen,11,1,0.1721370667219162
unseen,11,2,0.07633184641599655
unseen,11,3,0.2410908192396164
unseen,11,4,0.004965685773640871
unseen,11,5,0.08833678066730499
unseen,11,6,0.543827474117279
unseen,11,7,0.22358736395835876
unseen,11,8,0.02644091472029686
unseen,11,9,0.505599856376648
unseen,11,10,0.056411825120449066
unseen,11,11,0.05754191055893898
seen_own_id,0,0,1.076781153678894
seen_own_id,0,1,1.0716617107391357
seen_own_id,0,2,1.0163474082946777
seen_own_id,0,3,1.0581077337265015
seen_own_id,0,4,1.174033522605896
seen_own_id,0,5,0.8624352812767029
seen_own_id,0,6,0.7954212427139282
seen_own_id,0,7,0.9022952914237976
seen_own_id,0,8,0.9980756044387817
seen_own_id,0,9,0.9289492964744568
seen_own_id,0,10,1.0596791505813599
seen_own_id,0,11,1.036569356918335
seen_own_id,1,0,0.4547644555568695
seen_own_id,1,1,0.5082671642303467
seen_own_id,1,2,0.8948051333427429
seen_own_id,1,3,0.3044688403606415
seen_own_id,1,4,0.45620667934417725
seen_own_id,1,5,0.30285242199897766
seen_own_id,1,6,0.4250025749206543
seen_own_id,1,7,0.5305309891700745
seen_own_id,1,8,0.4307328164577484
seen_own_id,1,9,0.09697850793600082
seen_own_id,1,10,0.1960258185863495
seen_own_id,1,11,0.6940162181854248
seen_own_id,2,0,0.2886227071285248
seen_own_id,2,1,0.7531124949455261
seen_own_id,2,2,0.13055169582366943
seen_own_id,2,3,0.5163165926933289
seen_own_id,2,4,0.4403130114078522
seen_own_id,2,5,0.5772011280059814
seen_own_id,2,6,0.5553960800170898
seen_own_id,2,7,0.6171506643295288
seen_own_id,2,8,0.7057904601097107
seen_own_id,2,9,0.441419392824173
seen_own_id,2,10,0.3761460483074188
seen_own_id,2,11,0.2997909486293793
seen_own_id,3,0,0.5715497136116028
seen_own_id,3,1,0.5019933581352234
seen_own_id,3,2,0.5699739456176758
seen_own_id,3,3,0.6321946978569031
seen_own_id,3,4,0.4131319522857666
seen_own_id,3,5,0.5802586674690247
seen_own_id,3,6,0.6084915995597839
seen_own_id,3,7,0.5654736757278442
seen_own_id,3,8,0.7482507228851318
seen_own_id,3,9,0.5523107051849365
seen_own_id,3,10,0.3641846477985382
seen_own_id,3,11,1.272103190422058
seen_own_id,4,0,0.4296572804450989
seen_own_id,4,1,1.0473930835723877
seen_own_id,4,2,0.5879422426223755
seen_own_id,4,3,0.39087051153182983
seen_own_id,4,4,0.4465673863887787
seen_own_id,4,5,0.46185022592544556
seen_own_id,4,6,0.4205467700958252
seen_own_id,4,7,0.3966801166534424
seen_own_id,4,8,0.8054090738296509
seen_own_id,4,9,0.6697893738746643
seen_own_id,4,10,0.419935405254364
seen_own_id,4,11,0.44517093896865845
seen_own_id,5,0,0.22660574316978455
seen_own_id,5,1,0.6376616358757019
seen_own_id,5,2,0.25122594833374023
seen_own_id,5,3,0.5906943678855896
seen_own_id,5,4,0.43630513548851013
seen_own_id,5,5,0.5359562635421753
seen_own_id,5,6,0.25075680017471313
seen_own_id,5,7,0.4260062873363495
seen_own_id,5,8,0.3882720172405243
seen_own_id,5,9,0.3849406838417053
seen_own_id,5,10,0.452004998922348
seen_own_id,5,11,0.32669758796691895
seen_own_id,6,0,0.8514039516448975
seen_own_id,6,1,0.6574414372444153
seen_own_id,6,2,0.5976636409759521
seen_own_id,6,3,0.745481014251709
seen_own_id,6,4,0.6377795934677124
seen_own_id,6,5,0.8002205491065979
seen_own_id,6,6,0.5096334218978882
seen_own_id,6,7,0.5347772240638733
seen_own_id,6,8,0.9876077175140381
seen_own_id,6,9,0.6425052881240845
seen_own_id,6,10,0.8896517753601074
seen_own_id,6,11,0.6423378586769104
seen_own_id,7,0,1.024763584136963
seen_own_id,7,1,0.7422285676002502
seen_own_id,7,2,0.5596699118614197
seen_own_id,7,3,0.7194161415100098
seen_own_id,7,4,0.43241560459136963
seen_own_id,7,5,0.7774812579154968
seen_own_id,7,6,0.8676405549049377
seen_own_id,7,7,0.33417651057243347
seen_own_id,7,8,0.9847251772880554
seen_own_id,7,9,0.4502953886985779
seen_own_id,7,10,0.44038474559783936
seen_own_id,7,11,0.5710964202880859
seen_own_id,8,0,0.6394864320755005
seen_own_id,8,1,0.4822506010532379
seen_own_id,8,2,0.4415849447250366
seen_own_id,8,3,0.5667971968650818
seen_own_id,8,4,0.24644437432289124
seen_own_id,8,5,0.40774139761924744
seen_own_id,8,6,0.9076102375984192
seen_own_id,8,7,0.9594455361366272
seen_own_id,8,8,0.16437293589115143
seen_own_id,8,9,0.9084025025367737
seen_own_id,8,10,0.5978400111198425
seen_own_id,8,11,0.9048404097557068
seen_own_id,9,0,0.3222757875919342
seen_own_id,9,1,0.5805689692497253
seen_own_id,9,2,0.5425240993499756
seen_own_id,9,3,0.21668866276741028
seen_own_id,9,4,0.8702049255371094
seen_own_id,9,5,0.6524710655212402
seen_own_id,9,6,0.4292171001434326
seen_own_id,9,7,0.5629936456680298
seen_own_id,9,8,0.4036617577075958
seen_own_id,9,9,0.6330552101135254
seen_own_id,9,10,0.27234673500061035
seen_own_id,9,11,0.44193169474601746
seen_own_id,10,0,0.34566307067871094
seen_own_id,10,1,0.28773123025894165
seen_own_id,10,2,0.474850058555603
seen_own_id,10,3,0.32097873091697693
seen_own_id,10,4,0.888555109500885
seen_own_id,10,5,0.6165462136268616
seen_own_id,10,6,0.14833804965019226
seen_own_id,10,7,0.14060644805431366
seen_own_id,10,8,0.48310935497283936
seen_own_id,10,9,0.6890208125114441
seen_own_id,10,10,0.17239773273468018
seen_own_id,10,11,0.5324477553367615
seen_own_id,11,0,0.010994382202625275
seen_own_id,11,1,0.23902128636837006
seen_own_id,11,2,0.1146191731095314
seen_own_id,11,3,0.2545716166496277
seen_own_id,11,4,0.006569808814674616
seen_own_id,11,5,0.11899414658546448
seen_own_id,11,6,0.588533878326416
seen_own_id,11,7,0.31280457973480225
seen_own_id,11,8,0.03198320418596268
seen_own_id,11,9,0.4782470166683197
seen_own_id,11,10,0.0608111247420311
seen_own_id,11,11,0.058436427265405655
seen_unknown,0,0,1.0675978660583496
seen_unknown,0,1,1.105853796005249
seen_unknown,0,2,1.021555781364441
seen_unknown,0,3,1.0863407850265503
seen_unknown,0,4,1.1807082891464233
seen_unknown,0,5,0.8536046743392944
seen_unknown,0,6,0.7874293327331543
seen_unknown,0,7,0.9172345399856567
seen_unknown,0,8,1.0022245645523071
seen_unknown,0,9,0.9237838387489319
seen_unknown,0,10,1.0877183675765991
seen_unknown,0,11,1.0315215587615967
seen_unknown,1,0,0.44206228852272034
seen_unknown,1,1,0.5084099173545837
seen_unknown,1,2,0.8921395540237427
seen_unknown,1,3,0.2828606367111206
seen_unknown,1,4,0.45687875151634216
seen_unknown,1,5,0.3289629817008972
seen_unknown,1,6,0.42691701650619507
seen_unknown,1,7,0.528398871421814
seen_unknown,1,8,0.48732224106788635
seen_unknown,1,9,0.1010124534368515
seen_unknown,1,10,0.20679348707199097
seen_unknown,1,11,0.7281589508056641
seen_unknown,2,0,0.29452285170555115
seen_unknown,2,1,0.7359901666641235
seen_unknown,2,2,0.12367268651723862
seen_unknown,2,3,0.5052481889724731
seen_unknown,2,4,0.45124611258506775
seen_unknown,2,5,0.5958195924758911
seen_unknown,2,6,0.5532576441764832
seen_unknown,2,7,0.6068735122680664
seen_unknown,2,8,0.710288405418396
seen_unknown,2,9,0.4449545443058014
seen_unknown,2,10,0.3906799554824829
seen_unknown,2,11,0.28002363443374634
seen_unknown,3,0,0.5808460712432861
seen_unknown,3,1,0.47326990962028503
seen_unknown,3,2,0.5541949272155762
seen_unknown,3,3,0.6653591394424438
seen_unknown,3,4,0.42125874757766724
seen_unknown,3,5,0.5653204917907715
seen_unknown,3,6,0.5956947207450867
seen_unknown,3,7,0.5783092975616455
seen_unknown,3,8,0.7529474496841431
seen_unknown,3,9,0.5371823310852051
seen_unknown,3,10,0.3579048812389374
seen_unknown,3,11,1.3125553131103516
seen_unknown,4,0,0.42491841316223145
seen_unknown,4,1,1.0995069742202759
seen_unknown,4,2,0.582570493221283
seen_unknown,4,3,0.3856261074542999
seen_unknown,4,4,0.4745009243488312
seen_unknown,4,5,0.484953910112381
seen_unknown,4,6,0.4157049059867859
seen_unknown,4,7,0.39860454201698303
seen_unknown,4,8,0.7937071323394775
seen_unknown,4,9,0.7107589244842529
seen_unknown,4,10,0.45504453778266907
seen_unknown,4,11,0.46684783697128296
seen_unknown,5,0,0.21393075585365295
seen_unknown,5,1,0.6290193200111389
seen_unknown,5,2,0.23154526948928833
seen_unknown,5,3,0.6005235314369202
seen_unknown,5,4,0.3994337320327759
seen_unknown,5,5,0.5410670042037964
seen_unknown,5,6,0.25583329796791077
seen_unknown,5,7,0.4144955277442932
seen_unknown,5,8,0.37584519386291504
seen_unknown,5,9,0.40136244893074036
seen_unknown,5,10,0.3850472867488861
seen_unknown,5,11,0.3341498076915741
seen_unknown,6,0,0.8961212635040283
seen_unknown,6,1,0.661689281463623
seen_unknown,6,2,0.6183507442474365
seen_unknown,6,3,0.7431054711341858
seen_unknown,6,4,0.6324001550674438
seen_unknown,6,5,0.7879252433776855
seen_unknown,6,6,0.5110306739807129
seen_unknown,6,7,0.5823164582252502
seen_unknown,6,8,1.0427473783493042
seen_unknown,6,9,0.677480161190033
seen_unknown,6,10,0.9723211526870728
seen_unknown,6,11,0.7117369771003723
seen_unknown,7,0,1.0235644578933716
seen_unknown,7,1,0.7775236964225769
seen_unknown,7,2,0.5760577917098999
seen_unknown,7,3,0.7336130738258362
seen_unknown,7,4,0.41443365812301636
seen_unknown,7,5,0.8287007808685303
seen_unknown,7,6,0.8710372447967529
seen_unknown,7,7,0.358071506023407
seen_unknown,7,8,0.9766077995300293
seen_unknown,7,9,0.45657628774642944
seen_unknown,7,10,0.4395194351673126
seen_unknown,7,11,0.5674254298210144
seen_unknown,8,0,0.6611986756324768
seen_unknown,8,1,0.5163115859031677
seen_unknown,8,2,0.4888334274291992
seen_unknown,8,3,0.5815430879592896
seen_unknown,8,4,0.2832055389881134
seen_unknown,8,5,0.4151362180709839
seen_unknown,8,6,0.953529953956604
seen_unknown,8,7,0.9879777431488037
seen_unknown,8,8,0.18267729878425598
seen_unknown,8,9,0.9339939951896667
seen_unknown,8,10,0.5726043581962585
seen_unknown,8,11,0.9146068692207336
seen_unknown,9,0,0.3899289667606354
seen_unknown,9,1,0.6100525259971619
seen_unknown,9,2,0.5691616535186768
seen_unknown,9,3,0.25194910168647766
seen_unknown,9,4,0.9887111783027649
seen_unknown,9,5,0.7047265768051147
seen_unknown,9,6,0.446839839220047
seen_unknown,9,7,0.5990827083587646
seen_unknown,9,8,0.4496249556541443
seen_unknown,9,9,0.6808797717094421
seen_unknown,9,10,0.32632747292518616
seen_unknown,9,11,0.42791369557380676
seen_unknown,10,0,0.3039145767688751
seen_unknown,10,1,0.27283766865730286
seen_unknown,10,2,0.5047450065612793
seen_unknown,10,3,0.3186289966106415
seen_unknown,10,4,0.9863474369049072
seen_unknown,10,5,0.7069450616836548
seen_unknown,10,6,0.18037129938602448
seen_unknown,10,7,0.15036974847316742
seen_unknown,10,8,0.539961040019989
seen_unknown,10,9,0.7506299614906311
seen_unknown,10,10,0.1713184118270874
seen_unknown,10,11,0.5609302520751953
seen_unknown,11,0,0.01123807206749916
seen_unknown,11,1,0.22128243744373322
seen_unknown,11,2,0.11836067587137222
seen_unknown,11,3,0.2920490503311157
seen_unknown,11,4,0.005688591860234737
seen_unknown,11,5,0.10645879805088043
seen_unknown,11,6,0.586802065372467
seen_unknown,11,7,0.3550909161567688
seen_unknown,11,8,0.026079898700118065
seen_unknown,11,9,0.4799100160598755
seen_unknown,11,10,0.0647851899266243
seen_unknown,11,11,0.06420071423053741
is_words,0,0,1.0595226287841797
is_words,0,1,1.0235275030136108
is_words,0,2,1.0132081508636475
is_words,0,3,1.0085324048995972
is_words,0,4,1.1930655241012573
is_words,0,5,0.8735527992248535
is_words,0,6,0.7959282398223877
is_words,0,7,0.8437491059303284
is_words,0,8,1.099246859550476
is_words,0,9,0.9444987773895264
is_words,0,10,0.9409801363945007
is_words,0,11,1.0464478731155396
is_words,1,0,0.4649604856967926
is_words,1,1,0.48369964957237244
is_words,1,2,0.8938023447990417
is_words,1,3,0.2756112515926361
is_words,1,4,0.4593464434146881
is_words,1,5,0.19113335013389587
is_words,1,6,0.37403565645217896
is_words,1,7,0.4808256924152374
is_words,1,8,0.3514190912246704
is_words,1,9,0.03969953954219818
is_words,1,10,0.17518308758735657
is_words,1,11,0.5901659727096558
is_words,2,0,0.2624163031578064
is_words,2,1,0.7371330261230469
is_words,2,2,0.13831377029418945
is_words,2,3,0.5237119197845459
is_words,2,4,0.4283263087272644
is_words,2,5,0.5005204677581787
is_words,2,6,0.5157839059829712
is_words,2,7,0.6274397373199463
is_words,2,8,0.5717658400535583
is_words,2,9,0.41724568605422974
is_words,2,10,0.3197765350341797
is_words,2,11,0.24892431497573853
is_words,3,0,0.5474016666412354
is_words,3,1,0.46871232986450195
is_words,3,2,0.37300604581832886
is_words,3,3,0.4952055811882019
is_words,3,4,0.3834476172924042
is_words,3,5,0.5811203718185425
is_words,3,6,0.5876296758651733
is_words,3,7,0.5615310668945312
is_words,3,8,0.6643959879875183
is_words,3,9,0.5299875140190125
is_words,3,10,0.3523453176021576
is_words,3,11,0.9888402819633484
is_words,4,0,0.36029669642448425
is_words,4,1,0.7689211368560791
is_words,4,2,0.5419920682907104
is_words,4,3,0.3280963599681854
is_words,4,4,0.3806694746017456
is_words,4,5,0.40389055013656616
is_words,4,6,0.35237911343574524
is_words,4,7,0.3439806401729584
is_words,4,8,0.7029823660850525
is_words,4,9,0.43762603402137756
is_words,4,10,0.30465948581695557
is_words,4,11,0.3926507830619812
is_words,5,0,0.22410504519939423
is_words,5,1,0.6342172026634216
is_words,5,2,0.224637970328331
is_words,5,3,0.5451867580413818
is_words,5,4,0.18628078699111938
is_words,5,5,0.47181645035743713
is_words,5,6,0.15755042433738708
is_words,5,7,0.36006587743759155
is_words,5,8,0.3892688751220703
is_words,5,9,0.31439244747161865
is_words,5,10,0.2459232658147812
is_words,5,11,0.1361141949892044
is_words,6,0,0.8125508427619934
is_words,6,1,0.5940472483634949
is_words,6,2,0.5741265416145325
is_words,6,3,0.7058947682380676
is_words,6,4,0.6264631152153015
is_words,6,5,0.7714380025863647
is_words,6,6,0.5174357295036316
is_words,6,7,0.4910488426685333
is_words,6,8,0.8474898934364319
is_words,6,9,0.6560152173042297
is_words,6,10,0.7810254693031311
is_words,6,11,0.5961007475852966
is_words,7,0,0.9921736717224121
is_words,7,1,0.7477920651435852
is_words,7,2,0.4801638126373291
is_words,7,3,0.6466583013534546
is_words,7,4,0.48157593607902527
is_words,7,5,0.7291678190231323
is_words,7,6,0.8587655425071716
is_words,7,7,0.36896055936813354
is_words,7,8,1.0087922811508179
is_words,7,9,0.32700875401496887
is_words,7,10,0.5177088379859924
is_words,7,11,0.5984874963760376
is_words,8,0,0.6083062887191772
is_words,8,1,0.42467713356018066
is_words,8,2,0.35811281204223633
is_words,8,3,0.5821328163146973
is_words,8,4,0.24652564525604248
is_words,8,5,0.3604549169540405
is_words,8,6,0.8238311409950256
is_words,8,7,0.9263535141944885
is_words,8,8,0.14735135436058044
is_words,8,9,0.9057347178459167
is_words,8,10,0.6351222991943359
is_words,8,11,0.8534902334213257
is_words,9,0,0.2449384480714798
is_words,9,1,0.5458696484565735
is_words,9,2,0.5410067439079285
is_words,9,3,0.19010920822620392
is_words,9,4,0.8670806288719177
is_words,9,5,0.6014519929885864
is_words,9,6,0.43381544947624207
is_words,9,7,0.5957282781600952
is_words,9,8,0.36000481247901917
is_words,9,9,0.6348351836204529
is_words,9,10,0.2267964482307434
is_words,9,11,0.45461228489875793
is_words,10,0,0.3119104206562042
is_words,10,1,0.3134661912918091
is_words,10,2,0.38592529296875
is_words,10,3,0.32046225666999817
is_words,10,4,0.8773303031921387
is_words,10,5,0.5722213983535767
is_words,10,6,0.09637872874736786
is_words,10,7,0.1187133714556694
is_words,10,8,0.533237636089325
is_words,10,9,0.6611281633377075
is_words,10,10,0.14949646592140198
is_words,10,11,0.48233669996261597
is_words,11,0,0.006798002868890762
is_words,11,1,0.16815997660160065
is_words,11,2,0.10473712533712387
is_words,11,3,0.21200814843177795
is_words,11,4,0.007407678756862879
is_words,11,5,0.09634632617235184
is_words,11,6,0.6345807909965515
is_words,11,7,0.19327659904956818
is_words,11,8,0.02343888394534588
is_words,11,9,0.5769790410995483
is_words,11,10,0.07050488889217377
is_words,11,11,0.05927923694252968
not_is_words,0,0,1.0764907598495483
not_is_words,0,1,1.1207735538482666
not_is_words,0,2,1.0214910507202148
not_is_words,0,3,1.1114360094070435
not_is_words,0,4,1.1435999870300293
not_is_words,0,5,0.8438723683357239
not_is_words,0,6,0.7896474599838257
not_is_words,0,7,0.9753460884094238
not_is_words,0,8,0.916572630405426
not_is_words,0,9,0.9109349846839905
not_is_words,0,10,1.1813757419586182
not_is_words,0,11,1.0345921516418457
not_is_words,1,0,0.4385414123535156
not_is_words,1,1,0.543405294418335
not_is_words,1,2,0.893207848072052
not_is_words,1,3,0.3110315501689911
not_is_words,1,4,0.45130008459091187
not_is_words,1,5,0.4180820882320404
not_is_words,1,6,0.44048649072647095
not_is_words,1,7,0.5582149624824524
not_is_words,1,8,0.5484399199485779
not_is_words,1,9,0.14833904802799225
not_is_words,1,10,0.22263312339782715
not_is_words,1,11,0.7996161580085754
not_is_words,2,0,0.3166140019893646
not_is_words,2,1,0.746600329875946
not_is_words,2,2,0.12308506667613983
not_is_words,2,3,0.4972632825374603
not_is_words,2,4,0.4519018530845642
not_is_words,2,5,0.6695964336395264
not_is_words,2,6,0.590960681438446
not_is_words,2,7,0.5972625613212585
not_is_words,2,8,0.7978732585906982
not_is_words,2,9,0.4618017077445984
not_is_words,2,10,0.42775866389274597
not_is_words,2,11,0.347158282995224
not_is_words,3,0,0.578451931476593
not_is_words,3,1,0.5109399557113647
not_is_words,3,2,0.7334992289543152
not_is_words,3,3,0.7696468234062195
not_is_words,3,4,0.45639699697494507
not_is_words,3,5,0.5563165545463562
not_is_words,3,6,0.6087782382965088
not_is_words,3,7,0.5679082870483398
not_is_words,3,8,0.8242467045783997
not_is_words,3,9,0.5543372631072998
not_is_words,3,10,0.36808881163597107
not_is_words,3,11,1.5528770685195923
not_is_words,4,0,0.49225685000419617
not_is_words,4,1,1.3232073783874512
not_is_words,4,2,0.6333734393119812
not_is_words,4,3,0.4473399817943573
not_is_words,4,4,0.5255306959152222
not_is_words,4,5,0.5349308848381042
not_is_words,4,6,0.5035580992698669
not_is_words,4,7,0.4478577971458435
not_is_words,4,8,0.8941996693611145
not_is_words,4,9,0.8836503028869629
not_is_words,4,10,0.5581291913986206
not_is_words,4,11,0.5007565021514893
not_is_words,5,0,0.22520101070404053
not_is_words,5,1,0.6338229775428772
not_is_words,5,2,0.26872196793556213
not_is_words,5,3,0.6359094381332397
not_is_words,5,4,0.6393678188323975
not_is_words,5,5,0.6047771573066711
not_is_words,5,6,0.3442065417766571
not_is_words,5,7,0.47629520297050476
not_is_words,5,8,0.37622252106666565
not_is_words,5,9,0.4749118387699127
not_is_words,5,10,0.5666772723197937
not_is_words,5,11,0.5125833749771118
not_is_words,6,0,0.8459593057632446
not_is_words,6,1,0.6842181086540222
not_is_words,6,2,0.6698841452598572
not_is_words,6,3,0.7761039137840271
not_is_words,6,4,0.6376025676727295
not_is_words,6,5,0.8595787286758423
not_is_words,6,6,0.49889153242111206
not_is_words,6,7,0.6098990440368652
not_is_words,6,8,1.1132259368896484
not_is_words,6,9,0.6141405701637268
not_is_words,6,10,1.0478057861328125
not_is_words,6,11,0.7120012640953064
not_is_words,7,0,1.0998828411102295
not_is_words,7,1,0.7818647623062134
not_is_words,7,2,0.6163766384124756
not_is_words,7,3,0.78691565990448
not_is_words,7,4,0.3696765601634979
not_is_words,7,5,0.8719398379325867
not_is_words,7,6,0.8774629831314087
not_is_words,7,7,0.3011492192745209
not_is_words,7,8,0.9537222385406494
not_is_words,7,9,0.5455631017684937
not_is_words,7,10,0.36632612347602844
not_is_words,7,11,0.5220249891281128
not_is_words,8,0,0.6820056438446045
not_is_words,8,1,0.5483363270759583
not_is_words,8,2,0.5286647081375122
not_is_words,8,3,0.5769535899162292
not_is_words,8,4,0.27472296357154846
not_is_words,8,5,0.4605884552001953
not_is_words,8,6,1.003185749053955
not_is_words,8,7,1.0254191160202026
not_is_words,8,8,0.19138923287391663
not_is_words,8,9,0.9345880746841431
not_is_words,8,10,0.5351356267929077
not_is_words,8,11,0.9656726717948914
not_is_words,9,0,0.41820576786994934
not_is_words,9,1,0.6508249044418335
not_is_words,9,2,0.5446272492408752
not_is_words,9,3,0.2690249979496002
not_is_words,9,4,0.9602885246276855
not_is_words,9,5,0.7497920989990234
not_is_words,9,6,0.4415357708930969
not_is_words,9,7,0.5362563729286194
not_is_words,9,8,0.4662511944770813
not_is_words,9,9,0.6643075346946716
not_is_words,9,10,0.332676500082016
not_is_words,9,11,0.4025680124759674
not_is_words,10,0,0.3013957738876343
not_is_words,10,1,0.2698424756526947
not_is_words,10,2,0.5911123156547546
not_is_words,10,3,0.2901226282119751
not_is_words,10,4,1.0034939050674438
not_is_words,10,5,0.7444170117378235
not_is_words,10,6,0.20133408904075623
not_is_words,10,7,0.15973562002182007
not_is_words,10,8,0.48648786544799805
not_is_words,10,9,0.7898090481758118
not_is_words,10,10,0.18489326536655426
not_is_words,10,11,0.5910777449607849
not_is_words,11,0,0.015241041779518127
not_is_words,11,1,0.23207302391529083
not_is_words,11,2,0.07685033977031708
not_is_words,11,3,0.2903922200202942
not_is_words,11,4,0.0034276556689292192
not_is_words,11,5,0.1039813831448555
not_is_words,11,6,0.47738271951675415
not_is_words,11,7,0.3397897183895111
not_is_words,11,8,0.033987339586019516
not_is_words,11,9,0.40007394552230835
not_is_words,11,10,0.04439127817749977
not_is_words,11,11,0.056956879794597626
